Postal Code,FIPS code,County,City,State,Legislative District,Latitude,Longitude,2020 Census Tract
99403,53003,Asotin,Clarkston,WA,9,46.41402,-117.04556,53003960300
99402,53003,Asotin,Asotin,WA,9,46.34056,-117.04784,53003960100
99371,53001,Adams,Washtucna,WA,9,46.75578,-118.311,53001950200
99362,53071,Walla Walla,Walla Walla,WA,16,46.07068,-118.34261,53071920901
99361,53071,Walla Walla,Waitsburg,WA,16,46.27013,-118.15448,53071920100
99360,53071,Walla Walla,Touchet,WA,16,46.04238,-118.66923,53071920100
99357,53025,Grant,Royal City,WA,13,46.90248,-119.63136,53025011405
99354,53005,Benton,Richland,WA,8,46.31484,-119.26844,53005010201
99353,53005,Benton,West Richland,WA,8,46.29696,-119.33836,53005010705
99352,53005,Benton,Richland,WA,8,46.27391,-119.27372,53005010500
99350,53005,Benton,Prosser,WA,16,46.20663,-119.76904,53005011802
99349,53025,Grant,Mattawa,WA,13,46.73779,-119.90008,53025011406
99348,53071,Walla Walla,Prescott,WA,16,46.29961,-118.31243,53071920000
99347,53023,Garfield,Pomeroy,WA,9,46.47398,-117.58937,53023970300
99346,53005,Benton,Plymouth,WA,16,45.93559,-119.35107,53005011600
99345,53005,Benton,Paterson,WA,16,45.93967,-119.60311,53005011600
99344,53025,Grant,Othello,WA,13,46.82616,-119.1742,53025011401
99343,53021,Franklin,Mesa,WA,9,46.57833,-119.00503,53021020802
99341,53001,Adams,Lind,WA,9,46.97135,-118.61566,53001950200
99338,53005,Benton,Kennewick,WA,16,46.20664,-119.3118,53005010814
99337,53005,Benton,Kennewick,WA,8,46.18764,-119.14482,53005011506
99336,53005,Benton,Kennewick,WA,8,46.20837,-119.11698,53005010901
99330,53021,Franklin,Eltopia,WA,9,46.45698,-119.01647,53021020700
99329,53071,Walla Walla,Dixie,WA,16,46.14048,-118.15568,53071920100
99328,53013,Columbia,Dayton,WA,16,46.32189,-117.97577,53013960200
99326,53021,Franklin,Connell,WA,9,46.66146,-118.86063,53021020802
99324,53071,Walla Walla,College Place,WA,16,46.03456,-118.38864,53071920302
99323,53071,Walla Walla,Burbank,WA,16,46.1992,-119.01561,53071920000
99322,53039,Klickitat,Bickleton,WA,14,45.99783,-120.30007,53039950101
99321,53025,Grant,Beverly,WA,13,46.83397,-119.93442,53025011404
99320,53005,Benton,Benton City,WA,16,46.26543,-119.48756,53005010701
99301,53021,Franklin,Pasco,WA,16,46.23542,-119.09467,53021020300
99251,53063,Spokane,Spokane,WA,7,47.75122,-117.41643,53063010902
99224,53063,Spokane,Spokane,WA,6,47.59431,-117.46996,53063010403
99223,53063,Spokane,Spokane,WA,6,47.63396,-117.36043,53063004500
99218,53063,Spokane,Spokane,WA,6,47.7458,-117.4118,53063010800
99217,53063,Spokane,Spokane,WA,4,47.68465,-117.35757,53063011302
99216,53063,Spokane,Spokane Valley,WA,4,47.65878,-117.21264,53063011800
99212,53063,Spokane,Spokane Valley,WA,4,47.68043,-117.28805,53063013401
99208,53063,Spokane,Spokane,WA,7,47.7333,-117.45005,53063010508
99207,53063,Spokane,Spokane,WA,3,47.67573,-117.3973,53063001500
99206,53063,Spokane,Spokane,WA,4,47.6534,-117.24549,53063012401
99205,53063,Spokane,Spokane,WA,3,47.69963,-117.45674,53063001900
99204,53063,Spokane,Spokane,WA,3,47.64779,-117.42571,53063004100
99203,53063,Spokane,Spokane,WA,6,47.63374,-117.39322,53063004300
99202,53063,Spokane,Spokane,WA,3,47.65548,-117.3797,53063003100
99201,53063,Spokane,Spokane,WA,3,47.65726,-117.41162,53063002300
99185,53043,Lincoln,Wilbur,WA,13,47.75942,-118.70912,53043960300
99181,53065,Stevens,Valley,WA,7,48.17623,-117.72555,53065951100
99180,53051,Pend Oreille,Usk,WA,7,48.31375,-117.28054,53051970200
99179,53075,Whitman,Uniontown,WA,9,46.53906,-117.08742,53075001000
99173,53065,Stevens,Springdale,WA,7,48.05738,-117.74137,53065951100
99171,53075,Whitman,St John,WA,9,47.09185,-117.5821,53075000900
99170,53075,Whitman,Rosalia,WA,9,47.23445,-117.37046,53075000900
99169,53001,Adams,Ritzville,WA,9,47.1274,-118.37977,53001950100
99167,53065,Stevens,Rice,WA,7,48.42934,-118.16165,53065950102
99166,53019,Ferry,Republic,WA,7,48.64426,-118.73748,53019970200
99163,53075,Whitman,Pullman,WA,9,46.73015,-117.18147,53075000300
99161,53075,Whitman,Palouse,WA,9,46.91008,-117.0768,53075000700
99160,53019,Ferry,Orient,WA,7,48.8683,-118.20874,53019970100
99159,53043,Lincoln,Odessa,WA,13,47.33323,-118.68999,53043960400
99158,53075,Whitman,Oakesdale,WA,9,47.12905,-117.24261,53075000700
99157,53065,Stevens,Northport,WA,7,48.91739,-117.77812,53065950101
99156,53051,Pend Oreille,Newport,WA,7,48.18285,-117.04398,53051970300
99155,53047,Okanogan,Nespelem,WA,12,48.16636,-118.97665,53047940100
99152,53051,Pend Oreille,Metaline,WA,7,48.85602,-117.38884,53051970100
99149,53075,Whitman,Malden,WA,9,47.22875,-117.47511,53075000900
99148,53065,Stevens,Loon Lake,WA,7,48.06288,-117.63731,53065951301
99147,53043,Lincoln,Lincoln,WA,13,47.82937,-118.41899,53043960300
99143,53075,Whitman,Lacrosse,WA,9,46.81612,-117.88137,53075001000
99141,53065,Stevens,Kettle Falls,WA,7,48.61053,-118.06211,53065950102
99139,53051,Pend Oreille,Ione,WA,7,48.74171,-117.41793,53051970100
99138,53019,Ferry,Inchelium,WA,7,48.29812,-118.19657,53019940000
99137,53065,Stevens,Hunters,WA,7,48.11777,-118.20299,53065950900
99135,53025,Grant,Hartline,WA,13,47.69015,-119.10557,53025010100
99134,53043,Lincoln,Harrington,WA,13,47.4829,-118.25682,53043960400
99133,53017,Douglas,Grand Coulee,WA,12,47.94283,-119.00041,53017950102
99131,53065,Stevens,Gifford,WA,7,48.31085,-118.13633,53065950900
99130,53075,Whitman,Garfield,WA,9,47.00706,-117.13359,53075000700
99128,53075,Whitman,Farmington,WA,9,47.08917,-117.04546,53075000700
99126,53065,Stevens,Evans,WA,7,48.71331,-118.02345,53065950101
99125,53075,Whitman,Endicott,WA,9,46.92752,-117.68485,53075000900
99124,53047,Okanogan,Elmer City,WA,12,47.99877,-118.95343,53047940100
99123,53025,Grant,Electric City,WA,12,47.93348,-119.03591,53025010100
99122,53043,Lincoln,Seven Bays,WA,13,47.65405,-118.14913,53043960200
99121,53019,Ferry,Danville,WA,7,48.99237,-118.50797,53019970100
99119,53051,Pend Oreille,Cusick,WA,7,48.33866,-117.30443,53051970200
99118,53019,Ferry,Curlew,WA,7,48.88101,-118.60061,53019970100
99117,53043,Lincoln,Creston,WA,13,47.75865,-118.51906,53043960300
99116,53047,Okanogan,Coulee Dam,WA,12,47.9708,-118.97669,53047940100
99115,53025,Grant,Coulee City,WA,13,47.61233,-119.28816,53025010100
99114,53065,Stevens,Colville,WA,7,48.54657,-117.90454,53065950300
99113,53075,Whitman,Uniontown,WA,9,46.56801,-117.12984,53075001000
99111,53075,Whitman,Colfax,WA,9,46.87965,-117.36477,53075000800
99110,53065,Stevens,Clayton,WA,7,47.99685,-117.57228,53065951301
99109,53065,Stevens,Chewelah,WA,7,48.28136,-117.71555,53065950700
99103,53025,Grant,Almira,WA,12,47.71094,-118.94018,53025010100
99102,53075,Whitman,Albion,WA,9,46.78984,-117.25137,53075000201
99101,53065,Stevens,Addy,WA,7,48.35609,-117.8379,53065950800
99040,53065,Stevens,Wellpinit,WA,7,47.88677,-117.98701,53065941000
99039,53063,Spokane,Waverly,WA,9,47.34349,-117.22782,53063014300
99037,53063,Spokane,Spokane Valley,WA,4,47.65706,-117.19631,53063013001
99036,53063,Spokane,Valleyford,WA,6,47.5353,-117.23995,53063013300
99034,53065,Stevens,Tumtum,WA,7,47.8927,-117.67024,53065951401
99033,53075,Whitman,Tekoa,WA,9,47.22679,-117.07351,53075000900
99032,53043,Lincoln,Sprague,WA,13,47.30036,-117.97378,53043960400
99031,53063,Spokane,Spangle,WA,9,47.42909,-117.38035,53063014300
99030,53063,Spokane,Rockford,WA,9,47.45227,-117.13261,53063014300
99029,53063,Spokane,Reardan,WA,7,47.66951,-117.87704,53063010404
99027,53063,Spokane,Otis Orchards,WA,4,47.70763,-117.11195,53063013201
99026,53065,Stevens,Nine Mile Falls,WA,7,47.77676,-117.54392,53065951402
99025,53063,Spokane,Newman Lake,WA,4,47.7251,-117.06882,53063010102
99023,53063,Spokane,Mica,WA,9,47.56436,-117.21611,53063013300
99022,53063,Spokane,Medical Lake,WA,6,47.57261,-117.68269,53063013900
99021,53063,Spokane,Mead,WA,4,47.7628,-117.35586,53063010203
99019,53063,Spokane,Liberty Lake,WA,4,47.66829,-117.1015,53063013203
99018,53063,Spokane,Latah,WA,9,47.27966,-117.15511,53063014300
99017,53075,Whitman,Lamont,WA,9,47.20139,-117.90629,53075000900
99016,53063,Spokane,Spokane Valley,WA,4,47.65699,-117.1748,53063013003
99013,53065,Stevens,Ford,WA,7,47.90886,-117.80582,53065941000
99012,53063,Spokane,Fairfield,WA,9,47.38522,-117.17125,53063014300
99011,53063,Spokane,Fairchild Air Force Base,WA,6,47.64046,-117.64458,53063013800
99009,53051,Pend Oreille,Elk,WA,7,48.01723,-117.27816,53051970500
99008,53063,Spokane,Edwall,WA,6,47.50524,-117.95109,53063014100
99006,53063,Spokane,Deer Park,WA,7,47.95431,-117.47154,53063010301
99005,53063,Spokane,Colbert,WA,7,47.83743,-117.35414,53063010305
99004,53063,Spokane,Cheney,WA,6,47.48928,-117.57445,53063014001
99003,53063,Spokane,Chattaroy,WA,7,47.89594,-117.35237,53063010201
99001,53063,Spokane,Airway Heights,WA,6,47.6443,-117.59311,53063010401
98953,53077,Yakima,Zillah,WA,15,46.40199,-120.26226,53077002201
98952,53077,Yakima,White Swan,WA,14,46.38287,-120.73063,53077940003
98951,53077,Yakima,Wapato,WA,15,46.44779,-120.42083,53077940008
98950,53037,Kittitas,Vantage,WA,13,46.94468,-119.9899,53037975700
98948,53077,Yakima,Toppenish,WA,15,46.37508,-120.31298,53077940005
98947,53077,Yakima,Tieton,WA,14,46.70257,-120.75541,53077002900
98946,53037,Kittitas,Thorp,WA,13,47.05139,-120.66621,53037975203
98944,53077,Yakima,Sunnyside,WA,15,46.32379,-120.00976,53077002005
98943,53037,Kittitas,South Cle Elum,WA,13,47.18891,-120.94822,53037975102
98942,53077,Yakima,Selah,WA,15,46.65405,-120.53145,53077003200
98941,53037,Kittitas,Roslyn,WA,13,47.22593,-120.99607,53037975104
98940,53037,Kittitas,Ronald,WA,13,47.23781,-121.02627,53037975101
98939,53077,Yakima,Parker,WA,14,46.50345,-120.4672,53077940001
98938,53077,Yakima,Outlook,WA,15,46.3294,-120.08512,53077002104
98937,53077,Yakima,Naches,WA,14,46.7309,-120.69972,53077003002
98936,53077,Yakima,Moxee,WA,15,46.55621,-120.39197,53077001702
98935,53077,Yakima,Mabton,WA,15,46.21092,-119.99854,53077002701
98934,53037,Kittitas,Kittitas,WA,13,46.98472,-120.41752,53037975700
98933,53077,Yakima,Harrah,WA,14,46.40365,-120.54352,53077940001
98932,53077,Yakima,Granger,WA,15,46.33949,-120.1871,53077002104
98930,53077,Yakima,Grandview,WA,15,46.25606,-119.90123,53077001901
98926,53037,Kittitas,Ellensburg,WA,13,46.99703,-120.54872,53037975600
98925,53037,Kittitas,Easton,WA,13,47.2378,-121.17954,53037975201
98923,53077,Yakima,Cowiche,WA,14,46.65456,-120.70979,53077002900
98922,53037,Kittitas,Cle Elum,WA,13,47.195,-120.93943,53037975101
98921,53077,Yakima,Buena,WA,15,46.42727,-120.31299,53077002202
98908,53077,Yakima,Yakima,WA,14,46.59656,-120.60272,53077002804
98903,53077,Yakima,Union Gap,WA,15,46.55351,-120.4778,53077001300
98902,53077,Yakima,Yakima,WA,15,46.59739,-120.52401,53077001100
98901,53077,Yakima,Yakima,WA,15,46.60452,-120.50723,53077001702
98862,53047,Okanogan,Winthrop,WA,12,48.47396,-120.17739,53047971000
98858,53017,Douglas,Waterville,WA,12,47.64963,-120.07145,53017950200
98857,53025,Grant,Warden,WA,13,46.96971,-119.04573,53025011300
98856,53047,Okanogan,Twisp,WA,12,48.3652,-120.1231,53047971000
98855,53047,Okanogan,Tonasket,WA,7,48.7086,-119.43681,53047970500
98853,53025,Grant,Stratford,WA,13,47.4263,-119.27844,53025010100
98851,53025,Grant,Soap Lake,WA,12,47.38898,-119.48323,53025010300
98850,53017,Douglas,Rock Island,WA,12,47.37163,-120.14545,53017950300
98849,53047,Okanogan,Riverside,WA,7,48.5012,-119.50853,53047970303
98848,53025,Grant,Quincy,WA,13,47.23748,-119.85338,53025010600
98847,53007,Chelan,Peshastin,WA,12,47.56805,-120.60364,53007960502
98846,53047,Okanogan,Pateros,WA,12,48.05502,-119.89975,53047970800
98845,53017,Douglas,Palisades,WA,12,47.41492,-119.9176,53017950200
98844,53047,Okanogan,Oroville,WA,7,48.93881,-119.43558,53047970303
98843,53017,Douglas,Orondo,WA,12,47.62352,-120.22795,53017950101
98841,53047,Okanogan,Omak,WA,7,48.41078,-119.52724,53047970602
98840,53047,Okanogan,Okanogan,WA,7,48.3654,-119.57959,53047970700
98837,53025,Grant,Moses Lake,WA,13,47.13196,-119.2771,53025011101
98834,53047,Okanogan,Methow,WA,12,48.12868,-120.0051,53047971000
98833,53047,Okanogan,Mazama,WA,12,48.5941,-120.40814,53047970900
98832,53025,Grant,Marlin,WA,13,47.40718,-118.98504,53025010200
98831,53007,Chelan,Manson,WA,12,47.8854,-120.16034,53007960400
98830,53017,Douglas,Mansfield,WA,12,47.8118,-119.63759,53017950102
98828,53007,Chelan,Malaga,WA,12,47.37238,-120.20227,53007961200
98826,53007,Chelan,Leavenworth,WA,12,47.5982,-120.65754,53007960201
98823,53025,Grant,Ephrata,WA,13,47.31909,-119.55096,53025010401
98822,53007,Chelan,Entiat,WA,12,47.67562,-120.20831,53007960100
98821,53007,Chelan,Dryden,WA,12,47.54128,-120.55978,53007960502
98819,53047,Okanogan,Conconully,WA,7,48.55781,-119.75013,53047970500
98817,53007,Chelan,Chelan Falls,WA,12,47.8029,-119.98523,53007960301
98816,53007,Chelan,Chelan,WA,12,47.83985,-120.01454,53007960302
98815,53007,Chelan,Cashmere,WA,12,47.5224,-120.47005,53007960600
98814,53047,Okanogan,Carlton,WA,12,48.25448,-120.10803,53047971000
98813,53017,Douglas,Bridgeport,WA,12,48.00744,-119.67013,53017950102
98812,53047,Okanogan,Brewster,WA,12,48.09967,-119.78093,53047970800
98802,53017,Douglas,East Wenatchee,WA,12,47.41515,-120.29473,53017950400
98801,53007,Chelan,Wenatchee,WA,12,47.41494,-120.30522,53007961102
98686,53011,Clark,Vancouver,WA,49,45.71668,-122.62731,53011040803
98685,53011,Clark,Vancouver,WA,18,45.70954,-122.70303,53011040907
98684,53011,Clark,Vancouver,WA,17,45.63701,-122.48723,53011041317
98683,53011,Clark,Vancouver,WA,17,45.60365,-122.49212,53011041322
98682,53011,Clark,Vancouver,WA,17,45.69345,-122.55149,53011041331
98675,53011,Clark,Yacolt,WA,18,45.86679,-122.40908,53011040102
98674,53015,Cowlitz,Woodland,WA,20,45.9094,-122.74017,53015001503
98673,53039,Klickitat,Wishram,WA,14,45.65936,-120.96465,53039950200
98672,53039,Klickitat,White Salmon,WA,14,45.72776,-121.48704,53039950301
98671,53011,Clark,Washougal,WA,18,45.57923,-122.35341,53011040510
98670,53039,Klickitat,Wahkiacus,WA,14,45.84657,-121.10717,53039950200
98668,53011,Clark,Vancouver,WA,49,45.64087,-122.62446,53011041600
98665,53011,Clark,Vancouver,WA,49,45.67871,-122.64443,53011041008
98664,53011,Clark,Vancouver,WA,49,45.62158,-122.59219,53011041208
98663,53011,Clark,Vancouver,WA,49,45.65675,-122.64695,53011041011
98662,53011,Clark,Vancouver,WA,17,45.64251,-122.57722,53011040709
98661,53011,Clark,Vancouver,WA,49,45.63201,-122.62934,53011042602
98660,53011,Clark,Vancouver,WA,49,45.63248,-122.67156,53011042000
98651,53059,Skamania,Underwood,WA,14,45.72902,-121.52357,53059950400
98650,53039,Klickitat,Trout Lake,WA,14,45.99588,-121.52529,53039950302
98649,53015,Cowlitz,Toutle,WA,20,46.32447,-122.73237,53015001800
98648,53059,Skamania,Stevenson,WA,14,45.69417,-121.88258,53059950300
98647,53069,Wahkiakum,Skamokawa,WA,19,46.2716,-123.45797,53069950100
98645,53015,Cowlitz,Silverlake,WA,20,46.29694,-122.8112,53015001800
98644,53049,Pacific,Seaview,WA,19,46.3354,-124.05475,53049950501
98643,53069,Wahkiakum,Rosburg,WA,19,46.33397,-123.6386,53069950100
98642,53011,Clark,Ridgefield,WA,18,45.81539,-122.74595,53011040301
98641,53049,Pacific,Oysterville,WA,19,46.54905,-124.02697,53049950801
98640,53049,Pacific,Ocean Park,WA,19,46.49147,-124.04987,53049950801
98639,53059,Skamania,North Bonneville,WA,14,45.64119,-121.97,53059950200
98638,53069,Wahkiakum,Naselle,WA,19,46.36545,-123.81154,53069950100
98635,53039,Klickitat,Lyle,WA,14,45.6939,-121.28544,53039950200
98634,53049,Pacific,Long Beach,WA,19,,,53049950600
98632,53015,Cowlitz,Longview,WA,19,46.14681,-122.95058,53015000601
98631,53049,Pacific,Long Beach,WA,19,46.35232,-124.05439,53049950702
98629,53011,Clark,La Center,WA,18,45.86156,-122.67248,53011040201
98628,53039,Klickitat,Klickitat,WA,14,45.81756,-121.15176,53039950200
98626,53015,Cowlitz,Kelso,WA,19,46.14425,-122.89868,53015000901
98625,53015,Cowlitz,Kalama,WA,20,46.00813,-122.84226,53015001601
98624,53049,Pacific,Ilwaco,WA,19,46.3088,-124.03547,53049950501
98621,53069,Wahkiakum,Grays River,WA,19,46.35588,-123.61022,53069950100
98620,53039,Klickitat,Goldendale,WA,14,45.823,-120.82545,53039950103
98619,53039,Klickitat,Glenwood,WA,14,46.01842,-121.29272,53039950101
98617,53039,Klickitat,Dallesport,WA,14,45.61623,-121.14532,53039950200
98616,53015,Cowlitz,Cougar,WA,20,46.04647,-122.30857,53015001501
98614,53049,Pacific,Chinook,WA,19,46.27264,-123.94534,53049950400
98613,53039,Klickitat,Centerville,WA,14,45.75198,-120.903,53039950200
98612,53069,Wahkiakum,Cathlamet,WA,19,46.20785,-123.38663,53069950100
98611,53015,Cowlitz,Castle Rock,WA,20,46.27509,-122.90724,53015002003
98610,53059,Skamania,Carson,WA,14,45.72558,-121.82048,53059950500
98607,53011,Clark,Camas,WA,18,45.58694,-122.40199,53011040609
98606,53011,Clark,Brush Prairie,WA,18,45.73473,-122.54578,53011040505
98605,53039,Klickitat,Bingen,WA,14,45.71513,-121.46623,53039950302
98604,53011,Clark,Battle Ground,WA,18,45.78092,-122.5331,53011040415
98603,53015,Cowlitz,Ariel,WA,20,45.98974,-122.53658,53015001501
98601,53011,Clark,Amboy,WA,20,45.91958,-122.42148,53011040101
98597,53067,Thurston,Yelm,WA,2,46.94239,-122.60735,53067012532
98596,53041,Lewis,Winlock,WA,20,46.49114,-122.93881,53041971300
98595,53027,Grays Harbor,Westport,WA,19,46.89112,-124.10425,53027001601
98593,53041,Lewis,Vader,WA,20,46.40201,-122.95015,53041971600
98592,53045,Mason,Union,WA,35,47.35689,-123.09944,53045960500
98591,53041,Lewis,Toledo,WA,20,46.44067,-122.84784,53041971200
98590,53049,Pacific,North Cove,WA,19,46.71227,-123.99814,53049950301
98589,53067,Thurston,Tenino,WA,20,46.85752,-122.85135,53067012620
98588,53045,Mason,Tahuya,WA,35,47.37733,-123.04061,53045960301
98587,53027,Grays Harbor,Taholah,WA,24,47.34257,-124.28628,53027940000
98586,53049,Pacific,South Bend,WA,19,46.66563,-123.81184,53049950301
98585,53041,Lewis,Silver Creek,WA,20,46.52793,-122.60209,53041971700
98584,53045,Mason,Shelton,WA,35,47.21248,-123.10565,53045961101
98583,53027,Grays Harbor,Satsop,WA,24,47.00236,-123.48162,53027000501
98582,53041,Lewis,Salkum,WA,20,46.53186,-122.6306,53041971200
98581,53015,Cowlitz,Ryderwood,WA,19,46.37331,-123.04373,53015002001
98580,53053,Pierce,Roy,WA,2,47.00328,-122.54332,53053073005
98579,53067,Thurston,Rochester,WA,20,46.82175,-123.08743,53067012730
98577,53049,Pacific,Menlo,WA,19,46.68867,-123.72994,53049950301
98576,53067,Thurston,Rainier,WA,20,46.88897,-122.68993,53067012530
98575,53027,Grays Harbor,Quinault,WA,24,47.46807,-123.84618,53027000300
98572,53041,Lewis,Pe Ell,WA,20,46.57001,-123.29831,53041971502
98571,53027,Grays Harbor,Pacific Beach,WA,24,47.20886,-124.20177,53027000202
98570,53041,Lewis,Onalaska,WA,20,46.57613,-122.69891,53041971800
98569,53027,Grays Harbor,Ocean Shores,WA,24,47.01156,-124.16408,53027000201
98568,53027,Grays Harbor,Oakville,WA,19,46.84077,-123.23286,53027000700
98565,53041,Lewis,Napavine,WA,20,46.57623,-122.90815,53041971300
98564,53041,Lewis,Mossyrock,WA,20,46.52948,-122.48446,53041971700
98563,53027,Grays Harbor,Montesano,WA,19,46.98384,-123.60076,53027000402
98562,53027,Grays Harbor,Moclips,WA,24,47.23932,-124.21349,53027000202
98557,53027,Grays Harbor,Mccleary,WA,24,47.04946,-123.26405,53027000600
98555,53045,Mason,Lilliwaup,WA,35,47.47203,-123.0921,53045960201
98550,53027,Grays Harbor,Hoquiam,WA,24,46.97982,-123.88689,53027001500
98548,53045,Mason,Hoodsport,WA,35,47.40639,-123.14135,53045960100
98547,53027,Grays Harbor,Grayland,WA,19,46.80933,-124.09366,53027001602
98546,53045,Mason,Grapeview,WA,35,47.32767,-122.82364,53045961200
98544,53041,Lewis,Galvin,WA,20,46.74162,-123.02628,53041970200
98542,53041,Lewis,Ethel,WA,20,46.53239,-122.7478,53041971200
98541,53027,Grays Harbor,Elma,WA,19,47.00379,-123.40382,53027000501
98538,53041,Lewis,Curtis,WA,19,46.56094,-123.13056,53041971502
98537,53027,Grays Harbor,Cosmopolis,WA,19,46.9541,-123.76897,53027000900
98536,53027,Grays Harbor,Copalis Crossing,WA,24,47.11059,-124.07463,53027000202
98535,53027,Grays Harbor,Copalis Beach,WA,24,47.11487,-124.16705,53027000202
98533,53041,Lewis,Cinebar,WA,20,46.60409,-122.49165,53041971800
98532,53041,Lewis,Chehalis,WA,20,46.6621,-122.96462,53041971400
98531,53067,Thurston,Centralia,WA,20,46.72894,-122.95298,53067012620
98530,53067,Thurston,Bucoda,WA,20,46.79818,-122.86892,53067012620
98528,53045,Mason,Belfair,WA,35,47.44998,-122.82802,53045960500
98527,53049,Pacific,Bay Center,WA,19,46.63188,-123.95518,53049950301
98526,53027,Grays Harbor,Amanda Park,WA,24,47.45917,-123.89691,53027000300
98524,53045,Mason,Allyn,WA,35,47.38173,-122.82984,53045960401
98520,53027,Grays Harbor,Aberdeen,WA,19,46.97606,-123.81619,53027001200
98516,53067,Thurston,Lacey,WA,22,47.08149,-122.75103,53067012225
98513,53067,Thurston,Olympia,WA,2,46.98876,-122.81754,53067012331
98512,53067,Thurston,Tumwater,WA,22,47.01359,-122.9131,53067010910
98509,53067,Thurston,Lacey,WA,22,47.03521,-122.80738,53067011410
98507,53067,Thurston,Olympia,WA,22,47.04117,-122.89588,53067010100
98506,53067,Thurston,Olympia,WA,22,47.05997,-122.87741,53067010300
98504,53067,Thurston,Olympia,WA,22,47.03956,-122.89166,53067010100
98503,53067,Thurston,Lacey,WA,2,47.04437,-122.82324,53067011627
98502,53067,Thurston,Olympia,WA,22,47.03779,-122.92333,53067012002
98501,53067,Thurston,Olympia,WA,22,47.03956,-122.89166,53067010400
98499,53053,Pierce,Lakewood,WA,29,47.16196,-122.51495,53053071805
98498,53053,Pierce,Lakewood,WA,28,47.17669,-122.54764,53053071902
98493,53053,Pierce,Tacoma,WA,28,47.13564,-122.57622,53053072903
98467,53053,Pierce,University Place,WA,28,47.20742,-122.54045,53053072313
98466,53053,Pierce,University Place,WA,28,47.23165,-122.53756,53053072309
98465,53053,Pierce,Tacoma,WA,27,47.24991,-122.5354,53053061002
98447,53053,Pierce,Tacoma,WA,29,47.14525,-122.44393,53053071504
98446,53053,Pierce,Tacoma,WA,29,47.09665,-122.37747,53053071306
98445,53053,Pierce,Tacoma,WA,29,47.16568,-122.40872,53053071412
98444,53053,Pierce,Tacoma,WA,29,47.15258,-122.43828,53053063502
98443,53053,Pierce,Tacoma,WA,25,47.19449,-122.36463,53053940004
98439,53053,Pierce,Lakewood,WA,28,47.12717,-122.52968,53053072000
98438,53053,Pierce,Joint Base Lewis Mcchord,WA,28,47.13872,-122.50156,53053072901
98433,53053,Pierce,Joint Base Lewis Mcchord,WA,28,47.08798,-122.60761,53053072908
98424,53053,Pierce,Fife,WA,25,47.23679,-122.35686,53053940013
98422,53053,Pierce,Tacoma,WA,27,47.28642,-122.37683,53053940011
98421,53053,Pierce,Tacoma,WA,27,47.2556,-122.40527,53053060200
98418,53053,Pierce,Tacoma,WA,27,47.22468,-122.43916,53053061900
98417,53053,Pierce,Tacoma,WA,27,47.27229,-122.48775,53053060500
98416,53053,Pierce,Tacoma,WA,27,47.26438,-122.48107,53053060700
98411,53053,Pierce,Tacoma,WA,29,47.22077,-122.47254,53053062600
98409,53053,Pierce,Tacoma,WA,29,47.2198,-122.47913,53053062801
98408,53053,Pierce,Tacoma,WA,27,47.20144,-122.44718,53053062400
98407,53053,Pierce,Tacoma,WA,27,47.29238,-122.51134,53053060800
98406,53053,Pierce,Tacoma,WA,28,47.26887,-122.52082,53053060908
98405,53053,Pierce,Tacoma,WA,27,47.24737,-122.48271,53053061700
98404,53053,Pierce,Tacoma,WA,27,47.21584,-122.41249,53053940007
98403,53053,Pierce,Tacoma,WA,27,47.26455,-122.46037,53053060600
98402,53053,Pierce,Tacoma,WA,27,47.25517,-122.44164,53053061400
98401,53053,Pierce,Tacoma,WA,27,47.25301,-122.43713,53053061601
98396,53053,Pierce,Wilkeson,WA,31,47.10964,-122.04732,53053070206
98394,53053,Pierce,Vaughn,WA,26,47.34347,-122.76355,53053072601
98392,53035,Kitsap,Suquamish,WA,23,47.73162,-122.55242,53035940100
98391,53053,Pierce,Bonney Lake,WA,31,47.19175,-122.17144,53053070312
98390,53053,Pierce,Sumner,WA,31,47.2022,-122.23972,53053073301
98388,53053,Pierce,Steilacoom,WA,28,47.17303,-122.59802,53053072109
98387,53053,Pierce,Spanaway,WA,29,47.06512,-122.41046,53053071403
98385,53053,Pierce,South Prairie,WA,31,47.13954,-122.09624,53053070204
98383,53035,Kitsap,Silverdale,WA,23,47.65171,-122.69275,53035091302
98382,53031,Jefferson,Sequim,WA,24,48.07965,-123.10367,53031950501
98381,53009,Clallam,Sekiu,WA,24,48.25978,-124.30041,53009002400
98380,53035,Kitsap,Seabeck,WA,35,47.64509,-122.81585,53035091301
98377,53041,Lewis,Randle,WA,20,46.53534,-121.95585,53041972000
98376,53031,Jefferson,Quilcene,WA,24,47.82642,-122.8775,53031950202
98375,53053,Pierce,Puyallup,WA,25,47.10424,-122.30855,53053071309
98374,53053,Pierce,Puyallup,WA,25,47.13959,-122.27575,53053071209
98373,53053,Pierce,Puyallup,WA,25,47.13795,-122.2988,53053071206
98372,53053,Pierce,Edgewood,WA,31,47.19047,-122.28718,53053073502
98371,53053,Pierce,Puyallup,WA,25,47.19045,-122.29521,53053940010
98370,53035,Kitsap,Poulsbo,WA,23,47.73689,-122.64681,53035090201
98368,53031,Jefferson,Port Townsend,WA,24,48.1212,-122.77263,53031950501
98367,53035,Kitsap,Port Orchard,WA,35,47.50645,-122.68516,53035092102
98366,53035,Kitsap,Port Orchard,WA,26,47.54103,-122.63847,53035092600
98365,53031,Jefferson,Port Ludlow,WA,24,47.92989,-122.68475,53031950302
98363,53009,Clallam,Port Angeles,WA,24,48.11893,-123.46101,53009000800
98362,53009,Clallam,Port Angeles,WA,24,48.11892,-123.43112,53009000900
98361,53041,Lewis,Packwood,WA,20,46.61018,-121.66932,53041972000
98360,53053,Pierce,Orting,WA,31,47.09596,-122.20166,53053070404
98359,53035,Kitsap,Olalla,WA,26,47.42602,-122.54729,53035092803
98358,53031,Jefferson,Nordland,WA,24,48.05105,-122.69107,53031950400
98357,53009,Clallam,Neah Bay,WA,24,48.36778,-124.62735,53009940000
98356,53041,Lewis,Morton,WA,20,46.5554,-122.27514,53041971900
98355,53041,Lewis,Mineral,WA,20,46.71902,-122.18768,53041971800
98354,53033,King,Milton,WA,30,47.24898,-122.32172,53033030403
98351,53053,Pierce,Longbranch,WA,26,47.21454,-122.75905,53053072603
98349,53053,Pierce,Lakebay,WA,26,47.25035,-122.75493,53053072603
98346,53035,Kitsap,Kingston,WA,23,47.79802,-122.4977,53035090102
98345,53035,Kitsap,Keyport,WA,23,47.70251,-122.62316,53035091100
98344,53053,Pierce,Kapowsin,WA,2,46.98436,-122.23469,53053073119
98342,53035,Kitsap,Indianola,WA,23,47.7487,-122.51843,53035940000
98340,53035,Kitsap,Hansville,WA,23,47.91795,-122.54758,53035090101
98339,53031,Jefferson,Port Hadlock,WA,24,48.03591,-122.75878,53031950400
98338,53053,Pierce,Graham,WA,2,47.05703,-122.29477,53053073119
98337,53035,Kitsap,Bremerton,WA,26,47.565,-122.62749,53035080600
98336,53041,Lewis,Glenoma,WA,20,46.53072,-122.13017,53041971900
98335,53053,Pierce,Gig Harbor,WA,26,47.328,-122.58009,53053072407
98333,53053,Pierce,Fox Island,WA,26,47.27375,-122.65107,53053072410
98332,53053,Pierce,Gig Harbor,WA,26,47.34235,-122.58964,53053072506
98331,53009,Clallam,Forks,WA,24,47.95014,-124.38543,53009000300
98330,53053,Pierce,Elbe,WA,2,46.76455,-122.19367,53053073200
98329,53035,Kitsap,Gig Harbor,WA,26,47.38336,-122.6658,53035092902
98328,53053,Pierce,Eatonville,WA,2,46.86733,-122.26832,53053073006
98327,53053,Pierce,Dupont,WA,28,47.09583,-122.62954,53053072802
98326,53009,Clallam,Clallam Bay,WA,24,48.25371,-124.26015,53009002400
98325,53031,Jefferson,Chimacum,WA,24,48.01182,-122.77328,53031950301
98323,53053,Pierce,Carbonado,WA,31,47.08041,-122.04745,53053070206
98321,53053,Pierce,Buckley,WA,31,47.16299,-122.02523,53053070206
98320,53031,Jefferson,Brinnon,WA,24,47.69838,-122.89646,53031950702
98315,53035,Kitsap,Silverdale,WA,23,47.68848,-122.70611,53035090300
98314,53035,Kitsap,Bremerton,WA,26,47.56171,-122.64889,53035081400
98312,53035,Kitsap,Bremerton,WA,26,47.56739,-122.6563,53035081100
98311,53035,Kitsap,Bremerton,WA,23,47.62631,-122.60915,53035091702
98310,53035,Kitsap,Bremerton,WA,23,47.5752,-122.61136,53035080102
98305,53009,Clallam,Beaver,WA,24,48.05431,-124.33152,53009002400
98304,53041,Lewis,Ashford,WA,20,46.75908,-122.03243,53041971800
98303,53053,Pierce,Anderson Island,WA,28,47.17794,-122.67876,53053072603
98297,53055,San Juan,Waldron,WA,40,48.68843,-123.03598,53055960103
98296,53061,Snohomish,Snohomish,WA,1,47.87115,-122.1389,53061052113
98295,53073,Whatcom,Sumas,WA,42,48.99976,-122.26495,53073010202
98294,53061,Snohomish,Sultan,WA,39,47.8623,-121.81688,53061053802
98292,53061,Snohomish,Stanwood,WA,38,48.24159,-122.37265,53061940002
98290,53061,Snohomish,Snohomish,WA,44,47.91265,-122.09305,53061052401
98288,53033,King,Skykomish,WA,39,47.71192,-121.35912,53033032800
98286,53055,San Juan,Shaw Island,WA,40,48.58348,-122.92991,53055960502
98284,53057,Skagit,Sedro-Woolley,WA,39,48.50858,-122.23857,53057951503
98283,53057,Skagit,Rockport,WA,39,48.48758,-121.59274,53057951102
98282,53029,Island,Camano Island,WA,10,48.23986,-122.40049,53029971600
98281,53073,Whatcom,Point Roberts,WA,42,48.98867,-123.05688,53073011000
98280,53055,San Juan,Orcas,WA,40,48.5982,-122.94093,53055960102
98279,53055,San Juan,Olga,WA,40,48.62356,-122.8357,53055960101
98277,53029,Island,Oak Harbor,WA,10,48.29077,-122.64682,53029970500
98276,53073,Whatcom,Nooksack,WA,42,48.92857,-122.32181,53073010201
98275,53061,Snohomish,Mukilteo,WA,21,47.89908,-122.29196,53061041301
98274,53057,Skagit,Mount Vernon,WA,10,48.4152,-122.32295,53057952404
98273,53057,Skagit,Mount Vernon,WA,40,48.41644,-122.33891,53057952304
98272,53061,Snohomish,Monroe,WA,39,47.8526,-121.98087,53061052203
98271,53061,Snohomish,Marysville,WA,39,48.11026,-122.1677,53061052701
98270,53061,Snohomish,Marysville,WA,38,48.06114,-122.1769,53061052905
98267,53057,Skagit,Marblemount,WA,39,48.52739,-121.41604,53057951102
98266,53073,Whatcom,Maple Falls,WA,42,48.92369,-122.07728,53073010102
98264,53073,Whatcom,Lynden,WA,42,48.9429,-122.45079,53073010303
98263,53057,Skagit,Lyman,WA,39,48.52525,-122.05976,53057951000
98262,53073,Whatcom,Lummi Island,WA,42,48.72052,-122.68326,53073010900
98261,53055,San Juan,Lopez Island,WA,40,48.52342,-122.91395,53055960501
98260,53029,Island,Langley,WA,10,48.0399,-122.40618,53029972000
98258,53061,Snohomish,Lake Stevens,WA,44,48.01497,-122.06402,53061052606
98257,53057,Skagit,La Conner,WA,10,48.38874,-122.49724,53057940801
98256,53061,Snohomish,Index,WA,39,47.82035,-121.55352,53061053801
98255,53057,Skagit,Hamilton,WA,39,48.51819,-121.98881,53057951000
98253,53029,Island,Greenbank,WA,10,48.08827,-122.56817,53029971301
98252,53061,Snohomish,Granite Falls,WA,39,48.08157,-121.96931,53061053606
98251,53061,Snohomish,Gold Bar,WA,39,47.85565,-121.69743,53061053803
98250,53055,San Juan,Friday Harbor,WA,40,48.53448,-123.01648,53055960302
98249,53029,Island,Freeland,WA,10,48.00956,-122.52664,53029971800
98248,53073,Whatcom,Ferndale,WA,42,48.84787,-122.5945,53073010600
98247,53073,Whatcom,Everson,WA,42,48.92009,-122.34527,53073010701
98245,53055,San Juan,Eastsound,WA,40,48.69389,-122.91109,53055960103
98244,53073,Whatcom,Deming,WA,42,48.82651,-122.21723,53073010101
98243,53055,San Juan,Orcas Is,WA,40,48.61989,-123.00026,53055960103
98241,53057,Skagit,Darrington,WA,39,48.25431,-121.60421,53057951102
98240,53073,Whatcom,Custer,WA,42,48.91865,-122.64219,53073010407
98239,53029,Island,Coupeville,WA,10,48.21857,-122.68558,53029971000
98237,53057,Skagit,Concrete,WA,39,48.53892,-121.7515,53057951101
98236,53029,Island,Clinton,WA,10,47.9796,-122.35803,53029972100
98235,53057,Skagit,Clearlake,WA,39,48.46376,-122.23452,53057951300
98233,53057,Skagit,Burlington,WA,40,48.46846,-122.33029,53057951600
98232,53057,Skagit,Bow,WA,40,48.56045,-122.397,53057950801
98230,53073,Whatcom,Blaine,WA,42,48.99404,-122.74888,53073010407
98229,53073,Whatcom,Bellingham,WA,40,48.7449,-122.45486,53073000903
98226,53073,Whatcom,Bellingham,WA,40,48.7999,-122.49756,53073000804
98225,53073,Whatcom,Bellingham,WA,42,48.75245,-122.47107,53073000502
98224,53033,King,Baring,WA,39,47.77193,-121.48491,53033032800
98223,53061,Snohomish,Arlington,WA,39,48.19471,-122.1264,53061053506
98221,53057,Skagit,Anacortes,WA,40,48.51748,-122.61214,53057940403
98220,53073,Whatcom,Acme,WA,42,48.71768,-122.20348,53073010103
98208,53061,Snohomish,Everett,WA,44,47.89251,-122.18637,53061041605
98206,53061,Snohomish,Everett,WA,38,48.01306,-122.31902,53061052104
98204,53061,Snohomish,Everett,WA,21,47.88936,-122.27557,53061041809
98203,53061,Snohomish,Everett,WA,38,47.94949,-122.23019,53061041400
98201,53061,Snohomish,Everett,WA,38,47.97659,-122.20596,53061040700
98199,53033,King,Seattle,WA,36,47.65908,-122.40092,53033005700
98198,53033,King,Des Moines,WA,30,47.40139,-122.32192,53033030102
98188,53033,King,Tukwila,WA,11,47.43473,-122.29179,53033028200
98178,53033,King,Renton,WA,37,47.49461,-122.23825,53033026101
98177,53033,King,Shoreline,WA,32,47.72238,-122.36498,53033020100
98168,53033,King,Burien,WA,33,47.50314,-122.3317,53033027100
98166,53033,King,Burien,WA,34,47.46593,-122.34102,53033027902
98164,53033,King,Seattle,WA,43,47.60574,-122.3326,53033008102
98158,53033,King,Seatac,WA,33,47.45898,-122.30174,53033028402
98155,53033,King,Shoreline,WA,32,47.75781,-122.3175,53033021000
98148,53033,King,Burien,WA,33,47.46233,-122.32863,53033028500
98146,53033,King,Burien,WA,34,47.49408,-122.36178,53033026802
98144,53033,King,Seattle,WA,37,47.57874,-122.30866,53033009400
98136,53033,King,Seattle,WA,34,47.53755,-122.38415,53033010501
98134,53033,King,Seattle,WA,37,47.58616,-122.32741,53033009300
98133,53033,King,Shoreline,WA,32,47.71871,-122.35029,53033020700
98126,53033,King,Seattle,WA,34,47.54701,-122.36893,53033010702
98125,53033,King,Seattle,WA,46,47.72656,-122.30253,53033000900
98124,53033,King,Seattle,WA,11,47.58064,-122.32851,53033009300
98122,53033,King,Seattle,WA,37,47.60803,-122.31009,53033007800
98121,53033,King,Seattle,WA,36,47.61578,-122.34468,53033008003
98119,53033,King,Seattle,WA,36,47.64586,-122.3684,53033006900
98118,53033,King,Seattle,WA,37,47.55115,-122.2668,53033011001
98117,53033,King,Seattle,WA,36,47.70044,-122.38418,53033003202
98116,53033,King,Seattle,WA,34,47.57894,-122.41067,53033009600
98115,53033,King,Seattle,WA,46,47.68156,-122.31676,53033002100
98112,53033,King,Seattle,WA,43,47.64085,-122.30207,53033006300
98110,53035,Kitsap,Bainbridge Island,WA,23,47.62728,-122.521,53035090902
98109,53033,King,Seattle,WA,36,47.63824,-122.35022,53033007002
98108,53033,King,Seattle,WA,37,47.55379,-122.30346,53033010001
98107,53033,King,Seattle,WA,36,47.67597,-122.38591,53033003202
98106,53033,King,Seattle,WA,34,47.54287,-122.35163,53033010800
98105,53033,King,Seattle,WA,46,47.66127,-122.31307,53033004102
98104,53033,King,Seattle,WA,43,47.60357,-122.32945,53033008401
98103,53033,King,Seattle,WA,43,47.67596,-122.35436,53033004800
98102,53033,King,Seattle,WA,43,47.63433,-122.32427,53033006100
98101,53033,King,Seattle,WA,43,47.61085,-122.34223,53033008101
98092,53033,King,Auburn,WA,31,47.3199,-122.1821,53033031000
98087,53061,Snohomish,Lynnwood,WA,21,47.85727,-122.27981,53061051804
98077,53033,King,Woodinville,WA,45,47.75425,-122.07326,53033032311
98075,53033,King,Sammamish,WA,41,47.61344,-122.03539,53033032215
98074,53033,King,Sammamish,WA,45,47.60326,-122.02054,53033032316
98072,53033,King,Woodinville,WA,45,47.75448,-122.15545,53033021906
98070,53033,King,Vashon,WA,34,47.44929,-122.4573,53033027701
98068,53037,Kittitas,Snoqualmie Pass,WA,13,47.41873,-121.41203,53037975101
98065,53033,King,Snoqualmie,WA,5,47.52716,-121.82432,53033032604
98059,53033,King,Renton,WA,11,47.48718,-122.15734,53033031913
98058,53033,King,Renton,WA,11,47.4466,-122.08747,53033025702
98057,53033,King,Renton,WA,11,47.47532,-122.20489,53033025302
98056,53033,King,Newcastle,WA,41,47.50006,-122.1805,53033024703
98055,53033,King,Renton,WA,11,47.43876,-122.197,53033025805
98053,53033,King,Redmond,WA,45,47.68555,-122.03287,53033032333
98052,53033,King,Redmond,WA,45,47.67858,-122.13158,53033032323
98051,53033,King,Maple Valley,WA,5,47.35298,-121.98233,53033031603
98050,53033,King,Preston,WA,5,47.54369,-121.93846,53033032221
98047,53033,King,Pacific,WA,30,47.26465,-122.24692,53033030902
98045,53033,King,North Bend,WA,5,47.49348,-121.7831,53033032705
98043,53061,Snohomish,Mountlake Terrace,WA,1,47.78803,-122.31111,53061051301
98042,53033,King,Kent,WA,47,47.33778,-122.09124,53033031708
98040,53033,King,Mercer Island,WA,41,47.57816,-122.21238,53033024301
98039,53033,King,Medina,WA,48,47.61613,-122.23892,53033024200
98038,53033,King,Maple Valley,WA,5,47.39394,-122.04526,53033032011
98037,53061,Snohomish,Lynnwood,WA,32,47.83785,-122.27734,53061051601
98036,53061,Snohomish,Brier,WA,1,47.82557,-122.29245,53061051913
98035,53033,King,Kent,WA,33,47.3805,-122.23427,53033029701
98034,53033,King,Kirkland,WA,45,47.72201,-122.22901,53033021903
98033,53033,King,Kirkland,WA,48,47.67887,-122.2066,53033022702
98032,53033,King,Kent,WA,33,47.3807,-122.23741,53033029203
98031,53033,King,Kent,WA,11,47.41185,-122.17743,53033029306
98030,53033,King,Kent,WA,47,47.37483,-122.19975,53033029604
98029,53033,King,Issaquah,WA,5,47.54748,-122.00292,53033032221
98028,53033,King,Kenmore,WA,46,47.75892,-122.24369,53033022102
98027,53033,King,Issaquah,WA,5,47.5301,-122.03439,53033032104
98026,53061,Snohomish,Edmonds,WA,32,47.87166,-122.31768,53061050800
98024,53033,King,Fall City,WA,5,47.56812,-121.89086,53033032601
98023,53033,King,Federal Way,WA,30,47.3084,-122.36321,53033030101
98022,53033,King,Enumclaw,WA,31,47.20433,-121.99136,53033031302
98021,53061,Snohomish,Bothell,WA,1,47.8031,-122.18384,53061051926
98020,53061,Snohomish,Edmonds,WA,21,47.81116,-122.37689,53061050300
98019,53033,King,Duvall,WA,45,47.74068,-121.98609,53033032401
98014,53033,King,Carnation,WA,5,47.64901,-121.91353,53033032500
98012,53061,Snohomish,Bothell,WA,1,47.83448,-122.21061,53061052009
98011,53033,King,Bothell,WA,1,47.76144,-122.20563,53033021905
98010,53033,King,Black Diamond,WA,5,47.30893,-122.00143,53033031605
98008,53033,King,Bellevue,WA,48,47.63131,-122.11867,53033023300
98007,53033,King,Bellevue,WA,41,47.61334,-122.12053,53033023604
98006,53033,King,Bellevue,WA,41,47.55584,-122.12096,53033024902
98005,53033,King,Bellevue,WA,48,47.59246,-122.1718,53033022805
98004,53033,King,Bellevue,WA,41,47.61001,-122.1872,53033023901
98003,53033,King,Federal Way,WA,30,47.30151,-122.3303,53033030006
98002,53033,King,Auburn,WA,47,47.30507,-122.22285,53033030501
98001,53033,King,Auburn,WA,30,47.3074,-122.23035,53033030405
97701,41017,Deschutes,Bend,OR,,44.07027,-121.26522,41017001701
97477,41039,Lane,Springfield,OR,,44.04787,-123.01955,41039003302
97304,41053,Polk,Salem,OR,,44.94796,-123.05598,41053005301
97302,41047,Marion,Salem,OR,,44.93326,-123.04381,41047002102
97214,41051,Multnomah,Portland,OR,,45.50606,-122.64942,41051001101
97213,41051,Multnomah,Portland,OR,,45.53903,-122.60636,41051002901
97209,41051,Multnomah,Portland,OR,,45.5265,-122.6835,41051005102
97058,41065,Wasco,The Dalles,OR,,45.60172,-121.18329,41065970400
97027,41005,Clackamas,Gladstone,OR,,45.38059,-122.59479,41005022000
96818,15003,Honolulu,Honolulu,HI,,21.34183,-157.94001,15003007302
96752,15007,Kauai,Kekaha,HI,,21.96605,-159.71288,15007040900
96734,15003,Honolulu,Kailua,HI,,21.39688,-157.73946,15003981801
96706,15003,Honolulu,Ewa Beach,HI,,21.31431,-158.00833,15003008410
96151,06017,El Dorado,South Lake Tahoe,CA,,38.9332,-119.97424,6017030201
95903,06115,Yuba,Beale Afb,CA,,39.09432,-121.33729,6115040902
95833,06067,Sacramento,Sacramento,CA,,38.6244,-121.49839,6067007011
95747,06061,Placer,Roseville,CA,,38.80276,-121.33747,6061021044
95688,06095,Solano,Vacaville,CA,,38.35218,-121.99263,6095253101
95661,06061,Placer,Roseville,CA,,38.76451,-121.24072,6061020717
95630,06067,Sacramento,Folsom,CA,,38.68175,-121.16283,6067008509
95618,06113,Yolo,Davis,CA,,38.56612,-121.72209,6113010610
95616,06113,Yolo,Davis,CA,,38.54669,-121.74457,6113010611
95448,06097,Sonoma,Healdsburg,CA,,38.61064,-122.86883,6097153905
95401,06097,Sonoma,Santa Rosa,CA,,38.45663,-122.72292,6097153003
95131,06085,Santa Clara,San Jose,CA,,37.38603,-121.89502,6085504311
95128,06085,Santa Clara,San Jose,CA,,37.30942,-121.942,6085506301
95120,06085,Santa Clara,San Jose,CA,,37.21481,-121.86769,6085511905
95014,06085,Santa Clara,Cupertino,CA,,37.31913,-122.02929,6085507805
94941,06041,Marin,Mill Valley,CA,,37.90774,-122.54822,6041126100
94901,06041,Marin,San Rafael,CA,,37.97463,-122.53289,6041111002
94710,06001,Alameda,Berkeley,CA,,37.85103,-122.2962,6001423200
94707,06001,Alameda,Berkeley,CA,,37.90054,-122.27026,6001421400
94565,06013,Contra Costa,Pittsburg,CA,,38.01946,-121.88851,6013313204
94553,06013,Contra Costa,Martinez,CA,,38.01393,-122.13494,6013318000
94549,06013,Contra Costa,Lafayette,CA,,37.89077,-122.12813,6013350000
94538,06001,Alameda,Fremont,CA,,37.55148,-121.9833,6001442502
94535,06095,Solano,Travis Afb,CA,,38.27153,-121.93303,6095252802
94510,06095,Solano,Benicia,CA,,38.05285,-122.15351,6095252102
94501,06001,Alameda,Alameda,CA,,37.76707,-122.24584,6001428700
94303,06085,Santa Clara,Palo Alto,CA,,37.44719,-122.12576,6085510801
94132,06075,San Francisco,San Francisco,CA,,37.71377,-122.46709,6075031301
94107,06075,San Francisco,San Francisco,CA,,37.76335,-122.40246,6075060703
94086,06085,Santa Clara,Sunnyvale,CA,,37.37188,-122.03751,6085508509
94063,06081,San Mateo,Redwood City,CA,,37.4845,-122.22772,6081610202
94044,06081,San Mateo,Pacifica,CA,,37.63527,-122.492,6081603400
94027,06081,San Mateo,Atherton,CA,,37.46355,-122.19729,6081611400
93955,06053,Monterey,Seaside,CA,,36.60404,-121.8535,6053014108
93950,06053,Monterey,Pacific Grove,CA,,36.61956,-121.91849,6053012000
93940,06053,Monterey,Monterey,CA,,36.5982,-121.89647,6053013100
93933,06053,Monterey,Marina,CA,,36.68162,-121.80231,6053014104
93723,06019,Fresno,Fresno,CA,,36.8192,-119.91644,6019003812
93555,06029,Kern,Ridgecrest,CA,,35.62248,-117.66798,6029005300
93536,06037,Los Angeles,Lancaster,CA,,34.68531,-118.18049,6037910301
93523,06029,Kern,Edwards,CA,,34.92778,-117.93907,6029005700
93436,06083,Santa Barbara,Lompoc,CA,,34.64048,-120.45788,6083002808
93245,06031,Kings,Lemoore,CA,,36.30101,-119.78637,6031980000
93230,06031,Kings,Hanford,CA,,36.3274,-119.64588,6031001100
93041,06111,Ventura,Port Hueneme,CA,,34.15016,-119.19558,6111004600
93021,06111,Ventura,Moorpark,CA,,34.28706,-118.88221,6111007614
93010,06111,Ventura,Camarillo,CA,,34.2234,-119.05072,6111005503
93001,06111,Ventura,Ventura,CA,,34.27938,-119.29311,6111002400
92694,06059,Orange,Ladera Ranch,CA,,33.57058,-117.63882,6059032059
92679,06059,Orange,Trabuco Canyon,CA,,33.66169,-117.59028,6059032043
92672,06073,San Diego,San Clemente,CA,,33.43043,-117.60684,6073018700
92655,06059,Orange,Midway City,CA,,33.74469,-117.98647,6059099702
92595,06065,Riverside,Wildomar,CA,,33.61236,-117.26237,6065043271
92585,06065,Riverside,Menifee,CA,,33.7464,-117.17416,6065042726
92310,06071,San Bernardino,Fort Irwin,CA,,35.15816,-116.76394,6071025000
92308,06071,San Bernardino,Apple Valley,CA,,34.46449,-117.24529,6071009721
92234,06065,Riverside,Cathedral City,CA,,33.78101,-116.46435,6065941001
92154,06073,San Diego,San Diego,CA,,32.57923,-117.05805,6073010017
92131,06073,San Diego,San Diego,CA,,32.90323,-117.06451,6073017045
92127,06073,San Diego,San Diego,CA,,32.9995,-117.14515,6073017065
92126,06073,San Diego,San Diego,CA,,32.92346,-117.1255,6073008380
92124,06073,San Diego,San Diego,CA,,32.8347,-117.07993,6073009506
92118,06073,San Diego,Coronado,CA,,32.67619,-117.17089,6073010601
92109,06073,San Diego,San Diego,CA,,32.77764,-117.25256,6073007800
92107,06073,San Diego,San Diego,CA,,32.74664,-117.24597,6073007002
92103,06073,San Diego,San Diego,CA,,32.73722,-117.17592,6073000301
92102,06073,San Diego,San Diego,CA,,32.71148,-117.10893,6073004400
92101,06073,San Diego,San Diego,CA,,32.71568,-117.16171,6073005101
92058,06073,San Diego,Oceanside,CA,,33.21097,-117.37445,6073018601
92057,06073,San Diego,Oceanside,CA,,33.25426,-117.30761,6073019303
92056,06073,San Diego,Oceanside,CA,,33.21394,-117.29317,6073018515
92051,06073,San Diego,Oceanside,CA,,33.19917,-117.36848,6073018509
92021,06073,San Diego,El Cajon,CA,,32.80982,-116.93349,6073016809
92011,06073,San Diego,Carlsbad,CA,,33.10592,-117.31002,6073017808
91942,06073,San Diego,La Mesa,CA,,32.76604,-117.02443,6073015001
91915,06073,San Diego,Chula Vista,CA,,32.63907,-116.96074,6073013319
91913,06073,San Diego,Chula Vista,CA,,32.61628,-116.97437,6073013317
91006,06037,Los Angeles,Arcadia,CA,,34.14554,-118.0279,6037431400
90815,06037,Los Angeles,Long Beach,CA,,33.79616,-118.11582,6037574500
90621,06059,Orange,Buena Park,CA,,33.8652,-117.99804,6059110604
90620,06059,Orange,Buena Park,CA,,33.83478,-118.01703,6059086801
90504,06037,Los Angeles,Torrance,CA,,33.86658,-118.34381,6037650101
90290,06037,Los Angeles,Topanga,CA,,34.09719,-118.60042,6037800104
90249,06037,Los Angeles,Gardena,CA,,33.89748,-118.31964,6037603706
90064,06037,Los Angeles,Los Angeles,CA,,34.03403,-118.41056,6037267800
90038,06037,Los Angeles,Los Angeles,CA,,34.08892,-118.33155,6037191901
90027,06037,Los Angeles,Los Angeles,CA,,34.10541,-118.28924,6037189201
90015,06037,Los Angeles,Los Angeles,CA,,34.03707,-118.26264,6037207902
89521,32031,Washoe,Reno,NV,,39.44827,-119.75969,32031002214
89436,32031,Washoe,Sparks,NV,,39.58228,-119.72093,32031003516
89406,32001,Churchill,Fallon,NV,,39.47491,-118.77797,32001950700
89145,32003,Clark,Las Vegas,NV,,36.1664,-115.27229,32003003227
89118,32003,Clark,Las Vegas,NV,,36.08649,-115.18984,32003002979
89084,32003,Clark,North Las Vegas,NV,,36.29143,-115.20278,32003003662
89044,32003,Clark,Henderson,NV,,35.95565,-115.14681,32003005717
88330,35035,Otero,Holloman Air Force Base,NM,,32.83302,-106.06961,35035000604
8816,34023,Middlesex,East Brunswick,NJ,,40.41802,-74.4204,34023006403
88012,35013,Doña Ana,Las Cruces,NM,,32.38048,-106.74494,35013001310
8641,34005,Burlington,Joint Base Mdl,NJ,,40.0367,-74.57967,34005702101
85718,04019,Pima,Tucson,AZ,,32.30568,-110.93691,4019004712
8540,34021,Mercer,Princeton,NJ,,40.37524,-74.60896,34021004205
85383,04013,Maricopa,Peoria,AZ,,33.7534,-112.33016,4013611200
85298,04013,Maricopa,Gilbert,AZ,,33.22051,-111.75084,4013816402
85254,04013,Maricopa,Scottsdale,AZ,,33.62561,-111.97004,4013103219
85250,04013,Maricopa,Scottsdale,AZ,,33.51369,-111.92103,4013216901
85249,04013,Maricopa,Chandler,AZ,,33.21153,-111.81344,4013813300
85248,04013,Maricopa,Chandler,AZ,,33.24379,-111.84801,4013812900
85138,04021,Pinal,Maricopa,AZ,,33.07002,-112.01112,4021001712
85119,04021,Pinal,Apache Junction,AZ,,33.42314,-111.54612,4021000323
85086,04013,Maricopa,Phoenix,AZ,,33.8075,-112.1287,4013610301
85028,04013,Maricopa,Phoenix,AZ,,33.58907,-111.99852,4013104802
84115,49035,Salt Lake,South Salt Lake,UT,,40.73992,-111.89452,49035111400
84074,49045,Tooele,Tooele,UT,,40.53408,-112.29849,49045131004
84056,49011,Davis,Hill Afb,UT,,41.12511,-111.99098,49011125201
83876,16055,Kootenai,Worley,ID,,47.40077,-116.91895,16055940000
83858,16055,Kootenai,Rathdrum,ID,,47.81137,-116.89644,16055000303
83854,16055,Kootenai,Post Falls,ID,,47.71189,-116.9481,16055000301
83706,16001,Ada,Boise,ID,,43.58039,-116.1734,16001000806
83702,16001,Ada,Boise,ID,,43.60764,-116.1934,16001000101
8234,34001,Atlantic,Egg Harbor Township,NJ,,39.36226,-74.58112,34001011806
82001,56021,Laramie,Cheyenne,WY,,41.13481,-104.82154,56021001100
80924,08041,El Paso,Colorado Springs,CO,,38.97119,-104.73372,8041007105
80923,08041,El Paso,Colorado Springs,CO,,38.91191,-104.70202,8041005120
80921,08041,El Paso,Colorado Springs,CO,,39.01183,-104.80686,8041007205
80920,08041,El Paso,Colorado Springs,CO,,38.96185,-104.76441,8041007103
80919,08041,El Paso,Colorado Springs,CO,,38.9291,-104.83531,8041003706
80908,08041,El Paso,Colorado Springs,CO,,39.11854,-104.74025,8041007502
80907,08041,El Paso,Colorado Springs,CO,,38.88145,-104.81935,8041001000
80906,08041,El Paso,Colorado Springs,CO,,38.78635,-104.80961,8041002501
80547,08069,Larimer,Timnath,CO,,40.52978,-104.98231,8069002505
80132,08041,El Paso,Monument,CO,,39.09153,-104.87157,8041007301
80111,08005,Arapahoe,Englewood,CO,,39.60558,-104.87507,8005006861
80104,08035,Douglas,Castle Rock,CO,,39.3762,-104.85995,8035014506
80019,08001,Adams,Aurora,CO,,39.80628,-104.75893,8001008354
80018,08005,Arapahoe,Aurora,CO,,39.69027,-104.70716,8005083202
79938,48141,El Paso,El Paso,TX,,31.78958,-106.24839,48141010367
79911,48141,El Paso,El Paso,TX,,31.8846,-106.56033,48141010220
79906,48141,El Paso,El Paso,TX,,31.81304,-106.4342,48141010103
7874,34037,Sussex,Stanhope,NJ,,40.90351,-74.7089,34037374600
78717,48491,Williamson,Austin,TX,,30.49266,-97.79398,48491020509
78641,48453,Travis,Leander,TX,,30.57955,-97.85322,48453035600
78414,48355,Nueces,Corpus Christi,TX,,27.68281,-97.3647,48355005416
78413,48355,Nueces,Corpus Christi,TX,,27.68769,-97.38252,48355005409
78261,48029,Bexar,San Antonio,TX,,29.67464,-98.4254,48029121912
78258,48029,Bexar,San Antonio,TX,,29.61445,-98.52212,48029121904
78253,48029,Bexar,San Antonio,TX,,29.44539,-98.72277,48029172006
78245,48029,Bexar,San Antonio,TX,,29.42717,-98.68136,48029171913
78234,48029,Bexar,Jbsa Ft Sam Houston,TX,,29.45503,-98.44568,48029120100
77573,48167,Galveston,League City,TX,,29.5037,-95.09278,48167720702
77539,48167,Galveston,Dickinson,TX,,29.4608,-95.05026,48167720601
77057,48201,Harris,Houston,TX,,29.73271,-95.48419,48201431506
77002,48201,Harris,Houston,TX,,29.76078,-95.36952,48201980700
76904,48451,Tom Green,San Angelo,TX,,31.4168,-100.50078,48451001303
76549,48027,Bell,Killeen,TX,,31.10584,-97.76342,48027023114
76542,48027,Bell,Killeen,TX,,31.09733,-97.74709,48027022402
76179,48439,Tarrant,Fort Worth,TX,,32.88706,-97.43745,48439114012
76092,48439,Tarrant,Southlake,TX,,32.94256,-97.13121,48439113908
76022,48439,Tarrant,Bedford,TX,,32.83308,-97.15884,48439113618
75454,48085,Collin,Melissa,TX,,33.26615,-96.58917,48085030202
75068,48121,Denton,Little Elm,TX,,33.15985,-96.9387,48121020134
75034,48085,Collin,Frisco,TX,,33.15048,-96.83466,48085030506
73703,40047,Garfield,Enid,OK,,36.39858,-97.8963,40047001301
72120,05119,Pulaski,Sherwood,AR,,34.83264,-92.20942,5119003711
7042,34013,Essex,Montclair,NJ,,40.81242,-74.21281,34013017000
7029,34017,Hudson,Harrison,NJ,,40.74623,-74.1584,34017013800
70037,22075,Plaquemines,Belle Chasse,LA,,29.85069,-89.9878,22075050300
7003,34013,Essex,Bloomfield,NJ,,40.79203,-74.19537,34013015300
68135,31055,Douglas,Omaha,NE,,41.19737,-96.16998,31055007461
67037,20173,Sedgwick,Derby,KS,,37.54531,-97.27013,20173009801
66441,20061,Geary,Junction City,KS,,39.02826,-96.83046,20061000801
66027,20103,Leavenworth,Fort Leavenworth,KS,,39.35487,-94.91983,20103981900
65721,29043,Christian,Ozark,MO,,37.02134,-93.20633,29043020402
65584,29169,Pulaski,Saint Robert,MO,,37.82235,-92.14159,29169470288
65583,29169,Pulaski,Waynesville,MO,,37.82268,-92.21193,29169470402
65332,29159,Pettis,Green Ridge,MO,,38.62126,-93.40927,29159480200
6443,09009,New Haven,Madison,CT,,41.27973,-72.59507,9009194201
6385,09011,New London,Waterford,CT,,41.34593,-72.13852,9011693700
6371,09011,New London,Old Lyme,CT,,41.32392,-72.33425,9011660101
6365,09011,New London,Preston,CT,,41.52951,-71.98967,9011700100
6355,09011,New London,Mystic,CT,,41.35061,-71.96032,9011702100
6340,09011,New London,Groton,CT,,41.35486,-72.07151,9011702300
63368,29183,St. Charles,O Fallon,MO,,38.77011,-90.70251,29183311739
6335,09011,New London,Gales Ferry,CT,,41.42621,-72.08157,9011701200
63137,29189,St. Louis,Saint Louis,MO,,38.75138,-90.2291,29510127000
62281,17119,Madison,Saint Jacob,IL,,38.71617,-89.76838,17119403531
61201,17161,Rock Island,Rock Island,IL,,41.51196,-90.57607,17161023200
60532,17043,DuPage,Lisle,IL,,41.79884,-88.07191,17043846102
60185,17043,DuPage,West Chicago,IL,,41.88203,-88.20104,17043841310
60077,17031,Cook,Skokie,IL,,42.02634,-87.75545,17031807300
60048,17097,Lake,Libertyville,IL,,42.28785,-87.95343,17097864106
60035,17097,Lake,Highland Park,IL,,42.18569,-87.7992,17097865400
55408,27053,Hennepin,Minneapolis,MN,,44.94292,-93.28272,27053008100
54313,55009,Brown,Green Bay,WI,,44.56842,-88.09087,55009020504
48105,26161,Washtenaw,Ann Arbor,MI,,42.28709,-83.68367,26161402100
48103,26161,Washtenaw,Ann Arbor,MI,,42.26528,-83.8102,26161404100
48092,26099,Macomb,Warren,MI,,42.52509,-83.04914,26099262100
46818,18003,Allen,Fort Wayne,IN,,41.13693,-85.19637,18003010601
46802,18003,Allen,Fort Wayne,IN,,41.08026,-85.13831,18003001200
46204,18097,Marion,Indianapolis,IN,,39.76691,-86.15012,18097354202
45458,39113,Montgomery,Dayton,OH,,39.62334,-84.19573,39113040305
45243,39061,Hamilton,Cincinnati,OH,,39.18712,-84.36176,39061024100
44145,39035,Cuyahoga,Westlake,OH,,41.45984,-81.92389,39035189112
4412,23019,Penobscot,Brewer,ME,,44.79559,-68.76433,23019004300
42701,21093,Hardin,Elizabethtown,KY,,37.69371,-85.85919,21093001401
40207,21111,Jefferson,Louisville,KY,,38.24438,-85.66603,21111010602
40162,21093,Hardin,Rineyville,KY,,37.75035,-85.971,21093000904
40121,21163,Meade,Fort Knox,KY,,37.88175,-85.96242,21163970200
40026,21185,Oldham,Goshen,KY,,38.40025,-85.57785,21185030802
38105,47157,Shelby,Memphis,TN,,35.15052,-90.04136,47157002400
3804,33015,Rockingham,Portsmouth,NH,,43.07493,-70.76509,33015069200
38002,47157,Shelby,Arlington,TN,,35.2917,-89.67459,47157020836
36877,01081,Lee,Smiths Station,AL,,32.54086,-85.08963,1081041901
36113,01101,Montgomery,Montgomery,AL,,32.3804,-86.34036,1101000900
36112,01101,Montgomery,Montgomery,AL,,32.38006,-86.35172,1101000900
36067,01001,Autauga,Prattville,AL,,32.46237,-86.45075,1001020100
36064,01101,Montgomery,Pike Road,AL,,32.31535,-86.04724,1101005503
35758,01089,Madison,Madison,AL,,34.70658,-86.75095,1089011028
35040,01117,Shelby,Calera,AL,,33.10319,-86.75283,1117030613
34242,12115,Sarasota,Sarasota,FL,,27.27335,-82.559,12115001903
33647,12057,Hillsborough,Tampa,FL,,28.10028,-82.38782,12057010211
33612,12057,Hillsborough,Tampa,FL,,28.04554,-82.4735,12057010816
33610,12057,Hillsborough,Tampa,FL,,27.9819,-82.37925,12057002000
33432,12099,Palm Beach,Boca Raton,FL,,26.35049,-80.08837,12099007501
33018,12086,Miami-Dade,Hialeah,FL,,25.88976,-80.34792,12086012701
32904,12009,Brevard,Melbourne,FL,,28.07875,-80.684,12009071354
32792,12095,Orange,Winter Park,FL,,28.59257,-81.31272,12095016406
32578,12091,Okaloosa,Niceville,FL,,30.52064,-86.48681,12091020800
32506,12033,Escambia,Pensacola,FL,,30.41989,-87.27266,12033002601
32222,12031,Duval,Jacksonville,FL,,30.24098,-81.82337,12031013723
31909,13215,Muscogee,Columbus,GA,,32.53963,-84.92495,13215010209
31907,13215,Muscogee,Columbus,GA,,32.49277,-84.93617,13215010705
31905,13215,Muscogee,Fort Benning,GA,,32.35752,-84.95623,13215010801
31098,13153,Houston,Warner Robins,GA,,32.5957,-83.57982,13153020600
30809,13073,Columbia,Evans,GA,,33.53342,-82.13029,13073030307
30517,13135,Gwinnett,Braselton,GA,,34.10892,-83.76276,13135050617
30316,13089,DeKalb,Atlanta,GA,,33.73705,-84.35499,13089020901
30013,13247,Rockdale,Conyers,GA,,33.62485,-83.97926,13247060312
29909,45013,Beaufort,Okatie,SC,,32.30585,-80.95653,45013002103
29486,45015,Berkeley,Summerville,SC,,33.03733,-80.12837,45015020711
29410,45015,Berkeley,Hanahan,SC,,32.9035,-80.00804,45015020903
29404,45019,Charleston,Charleston Afb,SC,,32.89244,-80.066,45019003200
29061,45079,Richland,Hopkins,SC,,33.88158,-80.88843,45079011801
2842,44005,Newport,Middletown,RI,,41.51624,-71.29923,44005040400
28394,37125,Moore,Vass,NC,,35.25741,-79.2823,37125950504
28390,37085,Harnett,Spring Lake,NC,,35.17258,-78.97582,37085071204
28376,37093,Hoke,Raeford,NC,,34.9786,-79.22405,37093970109
28326,37085,Harnett,Cameron,NC,,35.32671,-79.25707,37085071402
28323,37085,Harnett,Bunnlevel,NC,,35.30909,-78.78148,37085071204
28310,37051,Cumberland,Fort Bragg,NC,,35.15036,-79.02776,37051003404
28307,37051,Cumberland,Fort Bragg,NC,,35.13558,-78.9973,37051003409
28306,37051,Cumberland,Fayetteville,NC,,35.02049,-78.89953,37051000500
2827,44003,Kent,Greene,RI,,41.69661,-71.74609,44003020702
27958,37053,Currituck,Moyock,NC,,36.52287,-76.17614,37053110202
27617,37183,Wake,Raleigh,NC,,35.91273,-78.76625,37183053613
27616,37183,Wake,Raleigh,NC,,35.85098,-78.55522,37183054018
27601,37183,Wake,Raleigh,NC,,35.78232,-78.6326,37183050100
27560,37183,Wake,Morrisville,NC,,35.82305,-78.83015,37183053612
27540,37183,Wake,Holly Springs,NC,,35.65242,-78.8336,37183053208
27510,37135,Orange,Carrboro,NC,,35.91179,-79.07723,37135010709
27332,37085,Harnett,Sanford,NC,,35.45147,-79.14982,37085071303
23314,51093,Isle of Wight,Carrollton,VA,,36.93859,-76.53422,51093280108
23236,51041,Chesterfield,North Chesterfield,VA,,37.4995,-77.60119,51041100931
23224,51159,Richmond,Richmond,VA,,37.50013,-77.47234,51760060700
22554,51179,Stafford,Stafford,VA,,38.42366,-77.40815,51179010210
22405,51179,Stafford,Fredericksburg,VA,,38.33761,-77.44058,51179010403
22310,51919,Fairfax,Alexandria,VA,,38.77753,-77.14989,51059420201
22308,51919,Fairfax,Alexandria,VA,,38.73831,-77.06135,51059415700
22206,51013,Arlington,Arlington,VA,,38.83777,-77.09198,51013102901
22191,51942,Prince William,Woodbridge,VA,,38.66167,-77.2474,51153900203
22180,51919,Fairfax,Vienna,VA,,38.90063,-77.26399,51059460600
22153,51919,Fairfax,Springfield,VA,,38.74007,-77.2114,51059432600
22152,51919,Fairfax,Springfield,VA,,38.78379,-77.23582,51059431300
22151,51919,Fairfax,Springfield,VA,,38.80105,-77.17982,51059430400
22119,51919,Fairfax,Merrifield,VA,,38.87365,-77.23374,51059440201
22101,51919,Fairfax,Mc Lean,VA,,38.93681,-77.18493,51059470700
22060,51919,Fairfax,Fort Belvoir,VA,,38.68838,-77.13524,51059416200
22041,51919,Fairfax,Falls Church,VA,,38.84954,-77.13087,51059452700
22026,51942,Prince William,Dumfries,VA,,38.56734,-77.32691,51153900804
22025,51942,Prince William,Dumfries,VA,,38.61227,-77.35485,51153901012
22015,51919,Fairfax,Burke,VA,,38.79355,-77.27191,51059432000
21797,24027,Howard,Woodbine,MD,,39.35812,-77.06409,24027604004
21769,24021,Frederick,Middletown,MD,,39.4439,-77.5464,24021752603
21403,24003,Anne Arundel,Annapolis,MD,,38.96525,-76.48924,24003702602
21401,24003,Anne Arundel,Annapolis,MD,,38.97678,-76.49014,24003702402
21157,24013,Carroll,Westminster,MD,,39.57467,-76.99225,24013507602
2114,25025,Suffolk,Boston,MA,,42.36394,-71.06739,25025020302
21113,24003,Anne Arundel,Odenton,MD,,39.0814,-76.69505,24003740704
2108,25025,Suffolk,Boston,MA,,42.35905,-71.05972,25025020302
21076,24003,Anne Arundel,Hanover,MD,,39.15593,-76.72008,24003740108
21054,24003,Anne Arundel,Gambrills,MD,,39.0606,-76.6969,24003702208
21042,24027,Howard,Ellicott City,MD,,39.27649,-76.83207,24027602201
21040,24025,Harford,Edgewood,MD,,39.43221,-76.3054,24025301601
21037,24003,Anne Arundel,Edgewater,MD,,38.92607,-76.56552,24003701400
21036,24027,Howard,Dayton,MD,,39.2416,-76.99179,24027605104
21012,24003,Anne Arundel,Arnold,MD,,39.0329,-76.50718,24003731103
21010,24025,Harford,Gunpowder,MD,,39.4014,-76.29745,24025306500
21005,24025,Harford,Aberdeen Proving Ground,MD,,39.48329,-76.13297,24025306500
20906,24031,Montgomery,Silver Spring,MD,,39.06791,-77.06835,24031703220
20904,24031,Montgomery,Silver Spring,MD,,39.06094,-76.95226,24031701417
20874,24031,Montgomery,Germantown,MD,,39.18272,-77.27048,24031700306
20854,24031,Montgomery,Potomac,MD,,39.01796,-77.20884,24031701006
20817,24031,Montgomery,Bethesda,MD,,38.98443,-77.1209,24031706012
20814,24031,Montgomery,Bethesda,MD,,38.98637,-77.09692,24031705000
20774,24033,Prince George's,Upper Marlboro,MD,,38.88997,-76.81409,24033803514
20762,24033,Prince George's,Andrews Air Force Base,MD,,38.81605,-76.8907,24033801106
20755,24003,Anne Arundel,Fort George G Meade,MD,,39.10852,-76.73517,24003740603
20744,24033,Prince George's,Fort Washington,MD,,38.74059,-77.00057,24033801410
20732,24009,Calvert,Chesapeake Beach,MD,,38.69549,-76.53375,24009860402
20653,24037,St. Mary's,Lexington Park,MD,,38.26564,-76.45275,24037875905
20637,24017,Charles,Hughesville,MD,,38.53236,-76.78372,24017851402
20603,24017,Charles,Waldorf,MD,,38.62398,-76.9206,24017850713
20152,51107,Loudoun,Chantilly,VA,,38.90592,-77.48713,51107611804
20148,51107,Loudoun,Ashburn,VA,,38.98391,-77.53024,51107611902
20111,51942,Prince William,Manassas,VA,,38.78013,-77.44985,51153901232
20105,51107,Loudoun,Aldie,VA,,38.97842,-77.6513,51107611029
20003,11001,District of Columbia,Washington,DC,,38.88594,-76.99953,11001007202
20002,11001,District of Columbia,Washington,DC,,38.89608,-76.99336,11001010602
19901,10001,Kent,Dover,DE,,39.10597,-75.50358,10001041101
19734,10003,New Castle,Townsend,DE,,39.39423,-75.69418,10003016808
1970,25009,Essex,Salem,MA,,42.5224,-70.8958,25009204200
19149,42101,Philadelphia,Philadelphia,PA,,40.03344,-75.03461,42101031200
19025,42091,Montgomery,Dresher,PA,,40.14075,-75.16652,42091201406
1749,25017,Middlesex,Hudson,MA,,42.39139,-71.56452,25017322300
1731,25017,Middlesex,Hanscom Afb,MA,,42.45982,-71.28309,25017360300
17050,42041,Cumberland,Mechanicsburg,PA,,40.24099,-77.01976,42041011303
15237,42003,Allegheny,Pittsburgh,PA,,40.54524,-80.03301,42003413201
13669,36089,St. Lawrence,Ogdensburg,NY,,44.69424,-75.48994,36089491400
13637,36045,Jefferson,Evans Mills,NY,,44.09095,-75.8098,36045060602
13603,36045,Jefferson,Watertown,NY,,44.04447,-75.81215,36045060805
12866,36091,Saratoga,Saratoga Springs,NY,,43.08412,-73.78441,36091061102
12833,36091,Saratoga,Greenfield Center,NY,,43.1284,-73.84643,36091060601
11572,36059,Nassau,Oceanside,NY,,40.64212,-73.64036,36059413200
11209,36047,Kings,Brooklyn,NY,,40.62956,-74.03151,36047013800
10023,36061,New York,New York,NY,,40.77513,-73.98228,36061015102
