postal_code,fips_code,county,city,state,legislative_district,latitude,longitude,census_tract_2020
99403,53003,Asotin,Clarkston,WA,9,46.414020,-117.045560,53003960300
99402,53003,Asotin,Asotin,WA,9,46.340560,-117.047840,53003960100
99371,53001,Adams,Washtucna,WA,9,46.755780,-118.311000,53001950200
99362,53071,Walla Walla,Walla Walla,WA,16,46.070680,-118.342610,53071920901
99361,53071,Walla Walla,Waitsburg,WA,16,46.270130,-118.154480,53071920100
99360,53071,Walla Walla,Touchet,WA,16,46.042380,-118.669230,53071920100
99357,53025,Grant,Royal City,WA,13,46.902480,-119.631360,53025011405
99354,53005,Benton,Richland,WA,8,46.314840,-119.268440,53005010201
99353,53005,Benton,West Richland,WA,8,46.296960,-119.338360,53005010705
99352,53005,Benton,Richland,WA,8,46.273910,-119.273720,53005010500
99350,53005,Benton,Prosser,WA,16,46.206630,-119.769040,53005011802
99349,53025,Grant,Mattawa,WA,13,46.737790,-119.900080,53025011406
99348,53071,Walla Walla,Prescott,WA,16,46.299610,-118.312430,53071920000
99347,53023,Garfield,Pomeroy,WA,9,46.473980,-117.589370,53023970300
99346,53005,Benton,Plymouth,WA,16,45.935590,-119.351070,53005011600
99345,53005,Benton,Paterson,WA,16,45.939670,-119.603110,53005011600
99344,53025,Grant,Othello,WA,13,46.826160,-119.174200,53025011401
99343,53021,Franklin,Mesa,WA,9,46.578330,-119.005030,53021020802
99341,53001,Adams,Lind,WA,9,46.971350,-118.615660,53001950200
99338,53005,Benton,Kennewick,WA,16,46.206640,-119.311800,53005010814
99337,53005,Benton,Kennewick,WA,8,46.187640,-119.144820,53005011506
99336,53005,Benton,Kennewick,WA,8,46.208370,-119.116980,53005010901
99330,53021,Franklin,Eltopia,WA,9,46.456980,-119.016470,53021020700
99329,53071,Walla Walla,Dixie,WA,16,46.140480,-118.155680,53071920100
99328,53013,Columbia,Dayton,WA,16,46.321890,-117.975770,53013960200
99326,53021,Franklin,Connell,WA,9,46.661460,-118.860630,53021020802
99324,53071,Walla Walla,College Place,WA,16,46.034560,-118.388640,53071920302
99323,53071,Walla Walla,Burbank,WA,16,46.199200,-119.015610,53071920000
99322,53039,Klickitat,Bickleton,WA,14,45.997830,-120.300070,53039950101
99321,53025,Grant,Beverly,WA,13,46.833970,-119.934420,53025011404
99320,53005,Benton,Benton City,WA,16,46.265430,-119.487560,53005010701
99301,53021,Franklin,Pasco,WA,16,46.235420,-119.094670,53021020300
99251,53063,Spokane,Spokane,WA,7,47.751220,-117.416430,53063010902
99224,53063,Spokane,Spokane,WA,6,47.594310,-117.469960,53063010403
99223,53063,Spokane,Spokane,WA,6,47.633960,-117.360430,53063004500
99218,53063,Spokane,Spokane,WA,6,47.745800,-117.411800,53063010800
99217,53063,Spokane,Spokane,WA,4,47.684650,-117.357570,53063011302
99216,53063,Spokane,Spokane Valley,WA,4,47.658780,-117.212640,53063011800
99212,53063,Spokane,Spokane Valley,WA,4,47.680430,-117.288050,53063013401
99208,53063,Spokane,Spokane,WA,7,47.733300,-117.450050,53063010508
99207,53063,Spokane,Spokane,WA,3,47.675730,-117.397300,53063001500
99206,53063,Spokane,Spokane,WA,4,47.653400,-117.245490,53063012401
99205,53063,Spokane,Spokane,WA,3,47.699630,-117.456740,53063001900
99204,53063,Spokane,Spokane,WA,3,47.647790,-117.425710,53063004100
99203,53063,Spokane,Spokane,WA,6,47.633740,-117.393220,53063004300
99202,53063,Spokane,Spokane,WA,3,47.655480,-117.379700,53063003100
99201,53063,Spokane,Spokane,WA,3,47.657260,-117.411620,53063002300
99185,53043,Lincoln,Wilbur,WA,13,47.759420,-118.709120,53043960300
99181,53065,Stevens,Valley,WA,7,48.176230,-117.725550,53065951100
99180,53051,Pend Oreille,Usk,WA,7,48.313750,-117.280540,53051970200
99179,53075,Whitman,Uniontown,WA,9,46.539060,-117.087420,53075001000
99173,53065,Stevens,Springdale,WA,7,48.057380,-117.741370,53065951100
99171,53075,Whitman,St John,WA,9,47.091850,-117.582100,53075000900
99170,53075,Whitman,Rosalia,WA,9,47.234450,-117.370460,53075000900
99169,53001,Adams,Ritzville,WA,9,47.127400,-118.379770,53001950100
99167,53065,Stevens,Rice,WA,7,48.429340,-118.161650,53065950102
99166,53019,Ferry,Republic,WA,7,48.644260,-118.737480,53019970200
99163,53075,Whitman,Pullman,WA,9,46.730150,-117.181470,53075000300
99161,53075,Whitman,Palouse,WA,9,46.910080,-117.076800,53075000700
99160,53019,Ferry,Orient,WA,7,48.868300,-118.208740,53019970100
99159,53043,Lincoln,Odessa,WA,13,47.333230,-118.689990,53043960400
99158,53075,Whitman,Oakesdale,WA,9,47.129050,-117.242610,53075000700
99157,53065,Stevens,Northport,WA,7,48.917390,-117.778120,53065950101
99156,53051,Pend Oreille,Newport,WA,7,48.182850,-117.043980,53051970300
99155,53047,Okanogan,Nespelem,WA,12,48.166360,-118.976650,53047940100
99152,53051,Pend Oreille,Metaline,WA,7,48.856020,-117.388840,53051970100
99149,53075,Whitman,Malden,WA,9,47.228750,-117.475110,53075000900
99148,53065,Stevens,Loon Lake,WA,7,48.062880,-117.637310,53065951301
99147,53043,Lincoln,Lincoln,WA,13,47.829370,-118.418990,53043960300
99143,53075,Whitman,Lacrosse,WA,9,46.816120,-117.881370,53075001000
99141,53065,Stevens,Kettle Falls,WA,7,48.610530,-118.062110,53065950102
99139,53051,Pend Oreille,Ione,WA,7,48.741710,-117.417930,53051970100
99138,53019,Ferry,Inchelium,WA,7,48.298120,-118.196570,53019940000
99137,53065,Stevens,Hunters,WA,7,48.117770,-118.202990,53065950900
99135,53025,Grant,Hartline,WA,13,47.690150,-119.105570,53025010100
99134,53043,Lincoln,Harrington,WA,13,47.482900,-118.256820,53043960400
99133,53017,Douglas,Grand Coulee,WA,12,47.942830,-119.000410,53017950102
99131,53065,Stevens,Gifford,WA,7,48.310850,-118.136330,53065950900
99130,53075,Whitman,Garfield,WA,9,47.007060,-117.133590,53075000700
99128,53075,Whitman,Farmington,WA,9,47.089170,-117.045460,53075000700
99126,53065,Stevens,Evans,WA,7,48.713310,-118.023450,53065950101
99125,53075,Whitman,Endicott,WA,9,46.927520,-117.684850,53075000900
99124,53047,Okanogan,Elmer City,WA,12,47.998770,-118.953430,53047940100
99123,53025,Grant,Electric City,WA,12,47.933480,-119.035910,53025010100
99122,53043,Lincoln,Seven Bays,WA,13,47.654050,-118.149130,53043960200
99121,53019,Ferry,Danville,WA,7,48.992370,-118.507970,53019970100
99119,53051,Pend Oreille,Cusick,WA,7,48.338660,-117.304430,53051970200
99118,53019,Ferry,Curlew,WA,7,48.881010,-118.600610,53019970100
99117,53043,Lincoln,Creston,WA,13,47.758650,-118.519060,53043960300
99116,53047,Okanogan,Coulee Dam,WA,12,47.970800,-118.976690,53047940100
99115,53025,Grant,Coulee City,WA,13,47.612330,-119.288160,53025010100
99114,53065,Stevens,Colville,WA,7,48.546570,-117.904540,53065950300
99113,53075,Whitman,Uniontown,WA,9,46.568010,-117.129840,53075001000
99111,53075,Whitman,Colfax,WA,9,46.879650,-117.364770,53075000800
99110,53065,Stevens,Clayton,WA,7,47.996850,-117.572280,53065951301
99109,53065,Stevens,Chewelah,WA,7,48.281360,-117.715550,53065950700
99103,53025,Grant,Almira,WA,12,47.710940,-118.940180,53025010100
99102,53075,Whitman,Albion,WA,9,46.789840,-117.251370,53075000201
99101,53065,Stevens,Addy,WA,7,48.356090,-117.837900,53065950800
99040,53065,Stevens,Wellpinit,WA,7,47.886770,-117.987010,53065941000
99039,53063,Spokane,Waverly,WA,9,47.343490,-117.227820,53063014300
99037,53063,Spokane,Spokane Valley,WA,4,47.657060,-117.196310,53063013001
99036,53063,Spokane,Valleyford,WA,6,47.535300,-117.239950,53063013300
99034,53065,Stevens,Tumtum,WA,7,47.892700,-117.670240,53065951401
99033,53075,Whitman,Tekoa,WA,9,47.226790,-117.073510,53075000900
99032,53043,Lincoln,Sprague,WA,13,47.300360,-117.973780,53043960400
99031,53063,Spokane,Spangle,WA,9,47.429090,-117.380350,53063014300
99030,53063,Spokane,Rockford,WA,9,47.452270,-117.132610,53063014300
99029,53063,Spokane,Reardan,WA,7,47.669510,-117.877040,53063010404
99027,53063,Spokane,Otis Orchards,WA,4,47.707630,-117.111950,53063013201
99026,53065,Stevens,Nine Mile Falls,WA,7,47.776760,-117.543920,53065951402
99025,53063,Spokane,Newman Lake,WA,4,47.725100,-117.068820,53063010102
99023,53063,Spokane,Mica,WA,9,47.564360,-117.216110,53063013300
99022,53063,Spokane,Medical Lake,WA,6,47.572610,-117.682690,53063013900
99021,53063,Spokane,Mead,WA,4,47.762800,-117.355860,53063010203
99019,53063,Spokane,Liberty Lake,WA,4,47.668290,-117.101500,53063013203
99018,53063,Spokane,Latah,WA,9,47.279660,-117.155110,53063014300
99017,53075,Whitman,Lamont,WA,9,47.201390,-117.906290,53075000900
99016,53063,Spokane,Spokane Valley,WA,4,47.656990,-117.174800,53063013003
99013,53065,Stevens,Ford,WA,7,47.908860,-117.805820,53065941000
99012,53063,Spokane,Fairfield,WA,9,47.385220,-117.171250,53063014300
99011,53063,Spokane,Fairchild Air Force Base,WA,6,47.640460,-117.644580,53063013800
99009,53051,Pend Oreille,Elk,WA,7,48.017230,-117.278160,53051970500
99008,53063,Spokane,Edwall,WA,6,47.505240,-117.951090,53063014100
99006,53063,Spokane,Deer Park,WA,7,47.954310,-117.471540,53063010301
99005,53063,Spokane,Colbert,WA,7,47.837430,-117.354140,53063010305
99004,53063,Spokane,Cheney,WA,6,47.489280,-117.574450,53063014001
99003,53063,Spokane,Chattaroy,WA,7,47.895940,-117.352370,53063010201
99001,53063,Spokane,Airway Heights,WA,6,47.644300,-117.593110,53063010401
98953,53077,Yakima,Zillah,WA,15,46.401990,-120.262260,53077002201
98952,53077,Yakima,White Swan,WA,14,46.382870,-120.730630,53077940003
98951,53077,Yakima,Wapato,WA,15,46.447790,-120.420830,53077940008
98950,53037,Kittitas,Vantage,WA,13,46.944680,-119.989900,53037975700
98948,53077,Yakima,Toppenish,WA,15,46.375080,-120.312980,53077940005
98947,53077,Yakima,Tieton,WA,14,46.702570,-120.755410,53077002900
98946,53037,Kittitas,Thorp,WA,13,47.051390,-120.666210,53037975203
98944,53077,Yakima,Sunnyside,WA,15,46.323790,-120.009760,53077002005
98943,53037,Kittitas,South Cle Elum,WA,13,47.188910,-120.948220,53037975102
98942,53077,Yakima,Selah,WA,15,46.654050,-120.531450,53077003200
98941,53037,Kittitas,Roslyn,WA,13,47.225930,-120.996070,53037975104
98940,53037,Kittitas,Ronald,WA,13,47.237810,-121.026270,53037975101
98939,53077,Yakima,Parker,WA,14,46.503450,-120.467200,53077940001
98938,53077,Yakima,Outlook,WA,15,46.329400,-120.085120,53077002104
98937,53077,Yakima,Naches,WA,14,46.730900,-120.699720,53077003002
98936,53077,Yakima,Moxee,WA,15,46.556210,-120.391970,53077001702
98935,53077,Yakima,Mabton,WA,15,46.210920,-119.998540,53077002701
98934,53037,Kittitas,Kittitas,WA,13,46.984720,-120.417520,53037975700
98933,53077,Yakima,Harrah,WA,14,46.403650,-120.543520,53077940001
98932,53077,Yakima,Granger,WA,15,46.339490,-120.187100,53077002104
98930,53077,Yakima,Grandview,WA,15,46.256060,-119.901230,53077001901
98926,53037,Kittitas,Ellensburg,WA,13,46.997030,-120.548720,53037975600
98925,53037,Kittitas,Easton,WA,13,47.237800,-121.179540,53037975201
98923,53077,Yakima,Cowiche,WA,14,46.654560,-120.709790,53077002900
98922,53037,Kittitas,Cle Elum,WA,13,47.195000,-120.939430,53037975101
98921,53077,Yakima,Buena,WA,15,46.427270,-120.312990,53077002202
98908,53077,Yakima,Yakima,WA,14,46.596560,-120.602720,53077002804
98903,53077,Yakima,Union Gap,WA,15,46.553510,-120.477800,53077001300
98902,53077,Yakima,Yakima,WA,15,46.597390,-120.524010,53077001100
98901,53077,Yakima,Yakima,WA,15,46.604520,-120.507230,53077001702
98862,53047,Okanogan,Winthrop,WA,12,48.473960,-120.177390,53047971000
98858,53017,Douglas,Waterville,WA,12,47.649630,-120.071450,53017950200
98857,53025,Grant,Warden,WA,13,46.969710,-119.045730,53025011300
98856,53047,Okanogan,Twisp,WA,12,48.365200,-120.123100,53047971000
98855,53047,Okanogan,Tonasket,WA,7,48.708600,-119.436810,53047970500
98853,53025,Grant,Stratford,WA,13,47.426300,-119.278440,53025010100
98851,53025,Grant,Soap Lake,WA,12,47.388980,-119.483230,53025010300
98850,53017,Douglas,Rock Island,WA,12,47.371630,-120.145450,53017950300
98849,53047,Okanogan,Riverside,WA,7,48.501200,-119.508530,53047970303
98848,53025,Grant,Quincy,WA,13,47.237480,-119.853380,53025010600
98847,53007,Chelan,Peshastin,WA,12,47.568050,-120.603640,53007960502
98846,53047,Okanogan,Pateros,WA,12,48.055020,-119.899750,53047970800
98845,53017,Douglas,Palisades,WA,12,47.414920,-119.917600,53017950200
98844,53047,Okanogan,Oroville,WA,7,48.938810,-119.435580,53047970303
98843,53017,Douglas,Orondo,WA,12,47.623520,-120.227950,53017950101
98841,53047,Okanogan,Omak,WA,7,48.410780,-119.527240,53047970602
98840,53047,Okanogan,Okanogan,WA,7,48.365400,-119.579590,53047970700
98837,53025,Grant,Moses Lake,WA,13,47.131960,-119.277100,53025011101
98834,53047,Okanogan,Methow,WA,12,48.128680,-120.005100,53047971000
98833,53047,Okanogan,Mazama,WA,12,48.594100,-120.408140,53047970900
98832,53025,Grant,Marlin,WA,13,47.407180,-118.985040,53025010200
98831,53007,Chelan,Manson,WA,12,47.885400,-120.160340,53007960400
98830,53017,Douglas,Mansfield,WA,12,47.811800,-119.637590,53017950102
98828,53007,Chelan,Malaga,WA,12,47.372380,-120.202270,53007961200
98826,53007,Chelan,Leavenworth,WA,12,47.598200,-120.657540,53007960201
98823,53025,Grant,Ephrata,WA,13,47.319090,-119.550960,53025010401
98822,53007,Chelan,Entiat,WA,12,47.675620,-120.208310,53007960100
98821,53007,Chelan,Dryden,WA,12,47.541280,-120.559780,53007960502
98819,53047,Okanogan,Conconully,WA,7,48.557810,-119.750130,53047970500
98817,53007,Chelan,Chelan Falls,WA,12,47.802900,-119.985230,53007960301
98816,53007,Chelan,Chelan,WA,12,47.839850,-120.014540,53007960302
98815,53007,Chelan,Cashmere,WA,12,47.522400,-120.470050,53007960600
98814,53047,Okanogan,Carlton,WA,12,48.254480,-120.108030,53047971000
98813,53017,Douglas,Bridgeport,WA,12,48.007440,-119.670130,53017950102
98812,53047,Okanogan,Brewster,WA,12,48.099670,-119.780930,53047970800
98802,53017,Douglas,East Wenatchee,WA,12,47.415150,-120.294730,53017950400
98801,53007,Chelan,Wenatchee,WA,12,47.414940,-120.305220,53007961102
98686,53011,Clark,Vancouver,WA,49,45.716680,-122.627310,53011040803
98685,53011,Clark,Vancouver,WA,18,45.709540,-122.703030,53011040907
98684,53011,Clark,Vancouver,WA,17,45.637010,-122.487230,53011041317
98683,53011,Clark,Vancouver,WA,17,45.603650,-122.492120,53011041322
98682,53011,Clark,Vancouver,WA,17,45.693450,-122.551490,53011041331
98675,53011,Clark,Yacolt,WA,18,45.866790,-122.409080,53011040102
98674,53015,Cowlitz,Woodland,WA,20,45.909400,-122.740170,53015001503
98673,53039,Klickitat,Wishram,WA,14,45.659360,-120.964650,53039950200
98672,53039,Klickitat,White Salmon,WA,14,45.727760,-121.487040,53039950301
98671,53011,Clark,Washougal,WA,18,45.579230,-122.353410,53011040510
98670,53039,Klickitat,Wahkiacus,WA,14,45.846570,-121.107170,53039950200
98668,53011,Clark,Vancouver,WA,49,45.640870,-122.624460,53011041600
98665,53011,Clark,Vancouver,WA,49,45.678710,-122.644430,53011041008
98664,53011,Clark,Vancouver,WA,49,45.621580,-122.592190,53011041208
98663,53011,Clark,Vancouver,WA,49,45.656750,-122.646950,53011041011
98662,53011,Clark,Vancouver,WA,17,45.642510,-122.577220,53011040709
98661,53011,Clark,Vancouver,WA,49,45.632010,-122.629340,53011042602
98660,53011,Clark,Vancouver,WA,49,45.632480,-122.671560,53011042000
98651,53059,Skamania,Underwood,WA,14,45.729020,-121.523570,53059950400
98650,53039,Klickitat,Trout Lake,WA,14,45.995880,-121.525290,53039950302
98649,53015,Cowlitz,Toutle,WA,20,46.324470,-122.732370,53015001800
98648,53059,Skamania,Stevenson,WA,14,45.694170,-121.882580,53059950300
98647,53069,Wahkiakum,Skamokawa,WA,19,46.271600,-123.457970,53069950100
98645,53015,Cowlitz,Silverlake,WA,20,46.296940,-122.811200,53015001800
98644,53049,Pacific,Seaview,WA,19,46.335400,-124.054750,53049950501
98643,53069,Wahkiakum,Rosburg,WA,19,46.333970,-123.638600,53069950100
98642,53011,Clark,Ridgefield,WA,18,45.815390,-122.745950,53011040301
98641,53049,Pacific,Oysterville,WA,19,46.549050,-124.026970,53049950801
98640,53049,Pacific,Ocean Park,WA,19,46.491470,-124.049870,53049950801
98639,53059,Skamania,North Bonneville,WA,14,45.641190,-121.970000,53059950200
98638,53069,Wahkiakum,Naselle,WA,19,46.365450,-123.811540,53069950100
98635,53039,Klickitat,Lyle,WA,14,45.693900,-121.285440,53039950200
98634,53049,Pacific,Long Beach,WA,19,,,53049950600
98632,53015,Cowlitz,Longview,WA,19,46.146810,-122.950580,53015000601
98631,53049,Pacific,Long Beach,WA,19,46.352320,-124.054390,53049950702
98629,53011,Clark,La Center,WA,18,45.861560,-122.672480,53011040201
98628,53039,Klickitat,Klickitat,WA,14,45.817560,-121.151760,53039950200
98626,53015,Cowlitz,Kelso,WA,19,46.144250,-122.898680,53015000901
98625,53015,Cowlitz,Kalama,WA,20,46.008130,-122.842260,53015001601
98624,53049,Pacific,Ilwaco,WA,19,46.308800,-124.035470,53049950501
98621,53069,Wahkiakum,Grays River,WA,19,46.355880,-123.610220,53069950100
98620,53039,Klickitat,Goldendale,WA,14,45.823000,-120.825450,53039950103
98619,53039,Klickitat,Glenwood,WA,14,46.018420,-121.292720,53039950101
98617,53039,Klickitat,Dallesport,WA,14,45.616230,-121.145320,53039950200
98616,53015,Cowlitz,Cougar,WA,20,46.046470,-122.308570,53015001501
98614,53049,Pacific,Chinook,WA,19,46.272640,-123.945340,53049950400
98613,53039,Klickitat,Centerville,WA,14,45.751980,-120.903000,53039950200
98612,53069,Wahkiakum,Cathlamet,WA,19,46.207850,-123.386630,53069950100
98611,53015,Cowlitz,Castle Rock,WA,20,46.275090,-122.907240,53015002003
98610,53059,Skamania,Carson,WA,14,45.725580,-121.820480,53059950500
98607,53011,Clark,Camas,WA,18,45.586940,-122.401990,53011040609
98606,53011,Clark,Brush Prairie,WA,18,45.734730,-122.545780,53011040505
98605,53039,Klickitat,Bingen,WA,14,45.715130,-121.466230,53039950302
98604,53011,Clark,Battle Ground,WA,18,45.780920,-122.533100,53011040415
98603,53015,Cowlitz,Ariel,WA,20,45.989740,-122.536580,53015001501
98601,53011,Clark,Amboy,WA,20,45.919580,-122.421480,53011040101
98597,53067,Thurston,Yelm,WA,2,46.942390,-122.607350,53067012532
98596,53041,Lewis,Winlock,WA,20,46.491140,-122.938810,53041971300
98595,53027,Grays Harbor,Westport,WA,19,46.891120,-124.104250,53027001601
98593,53041,Lewis,Vader,WA,20,46.402010,-122.950150,53041971600
98592,53045,Mason,Union,WA,35,47.356890,-123.099440,53045960500
98591,53041,Lewis,Toledo,WA,20,46.440670,-122.847840,53041971200
98590,53049,Pacific,North Cove,WA,19,46.712270,-123.998140,53049950301
98589,53067,Thurston,Tenino,WA,20,46.857520,-122.851350,53067012620
98588,53045,Mason,Tahuya,WA,35,47.377330,-123.040610,53045960301
98587,53027,Grays Harbor,Taholah,WA,24,47.342570,-124.286280,53027940000
98586,53049,Pacific,South Bend,WA,19,46.665630,-123.811840,53049950301
98585,53041,Lewis,Silver Creek,WA,20,46.527930,-122.602090,53041971700
98584,53045,Mason,Shelton,WA,35,47.212480,-123.105650,53045961101
98583,53027,Grays Harbor,Satsop,WA,24,47.002360,-123.481620,53027000501
98582,53041,Lewis,Salkum,WA,20,46.531860,-122.630600,53041971200
98581,53015,Cowlitz,Ryderwood,WA,19,46.373310,-123.043730,53015002001
98580,53053,Pierce,Roy,WA,2,47.003280,-122.543320,53053073005
98579,53067,Thurston,Rochester,WA,20,46.821750,-123.087430,53067012730
98577,53049,Pacific,Menlo,WA,19,46.688670,-123.729940,53049950301
98576,53067,Thurston,Rainier,WA,20,46.888970,-122.689930,53067012530
98575,53027,Grays Harbor,Quinault,WA,24,47.468070,-123.846180,53027000300
98572,53041,Lewis,Pe Ell,WA,20,46.570010,-123.298310,53041971502
98571,53027,Grays Harbor,Pacific Beach,WA,24,47.208860,-124.201770,53027000202
98570,53041,Lewis,Onalaska,WA,20,46.576130,-122.698910,53041971800
98569,53027,Grays Harbor,Ocean Shores,WA,24,47.011560,-124.164080,53027000201
98568,53027,Grays Harbor,Oakville,WA,19,46.840770,-123.232860,53027000700
98565,53041,Lewis,Napavine,WA,20,46.576230,-122.908150,53041971300
98564,53041,Lewis,Mossyrock,WA,20,46.529480,-122.484460,53041971700
98563,53027,Grays Harbor,Montesano,WA,19,46.983840,-123.600760,53027000402
98562,53027,Grays Harbor,Moclips,WA,24,47.239320,-124.213490,53027000202
98557,53027,Grays Harbor,Mccleary,WA,24,47.049460,-123.264050,53027000600
98555,53045,Mason,Lilliwaup,WA,35,47.472030,-123.092100,53045960201
98550,53027,Grays Harbor,Hoquiam,WA,24,46.979820,-123.886890,53027001500
98548,53045,Mason,Hoodsport,WA,35,47.406390,-123.141350,53045960100
98547,53027,Grays Harbor,Grayland,WA,19,46.809330,-124.093660,53027001602
98546,53045,Mason,Grapeview,WA,35,47.327670,-122.823640,53045961200
98544,53041,Lewis,Galvin,WA,20,46.741620,-123.026280,53041970200
98542,53041,Lewis,Ethel,WA,20,46.532390,-122.747800,53041971200
98541,53027,Grays Harbor,Elma,WA,19,47.003790,-123.403820,53027000501
98538,53041,Lewis,Curtis,WA,19,46.560940,-123.130560,53041971502
98537,53027,Grays Harbor,Cosmopolis,WA,19,46.954100,-123.768970,53027000900
98536,53027,Grays Harbor,Copalis Crossing,WA,24,47.110590,-124.074630,53027000202
98535,53027,Grays Harbor,Copalis Beach,WA,24,47.114870,-124.167050,53027000202
98533,53041,Lewis,Cinebar,WA,20,46.604090,-122.491650,53041971800
98532,53041,Lewis,Chehalis,WA,20,46.662100,-122.964620,53041971400
98531,53067,Thurston,Centralia,WA,20,46.728940,-122.952980,53067012620
98530,53067,Thurston,Bucoda,WA,20,46.798180,-122.868920,53067012620
98528,53045,Mason,Belfair,WA,35,47.449980,-122.828020,53045960500
98527,53049,Pacific,Bay Center,WA,19,46.631880,-123.955180,53049950301
98526,53027,Grays Harbor,Amanda Park,WA,24,47.459170,-123.896910,53027000300
98524,53045,Mason,Allyn,WA,35,47.381730,-122.829840,53045960401
98520,53027,Grays Harbor,Aberdeen,WA,19,46.976060,-123.816190,53027001200
98516,53067,Thurston,Lacey,WA,22,47.081490,-122.751030,53067012225
98513,53067,Thurston,Olympia,WA,2,46.988760,-122.817540,53067012331
98512,53067,Thurston,Tumwater,WA,22,47.013590,-122.913100,53067010910
98509,53067,Thurston,Lacey,WA,22,47.035210,-122.807380,53067011410
98507,53067,Thurston,Olympia,WA,22,47.041170,-122.895880,53067010100
98506,53067,Thurston,Olympia,WA,22,47.059970,-122.877410,53067010300
98504,53067,Thurston,Olympia,WA,22,47.039560,-122.891660,53067010100
98503,53067,Thurston,Lacey,WA,2,47.044370,-122.823240,53067011627
98502,53067,Thurston,Olympia,WA,22,47.037790,-122.923330,53067012002
98501,53067,Thurston,Olympia,WA,22,47.039560,-122.891660,53067010400
98499,53053,Pierce,Lakewood,WA,29,47.161960,-122.514950,53053071805
98498,53053,Pierce,Lakewood,WA,28,47.176690,-122.547640,53053071902
98493,53053,Pierce,Tacoma,WA,28,47.135640,-122.576220,53053072903
98467,53053,Pierce,University Place,WA,28,47.207420,-122.540450,53053072313
98466,53053,Pierce,University Place,WA,28,47.231650,-122.537560,53053072309
98465,53053,Pierce,Tacoma,WA,27,47.249910,-122.535400,53053061002
98447,53053,Pierce,Tacoma,WA,29,47.145250,-122.443930,53053071504
98446,53053,Pierce,Tacoma,WA,29,47.096650,-122.377470,53053071306
98445,53053,Pierce,Tacoma,WA,29,47.165680,-122.408720,53053071412
98444,53053,Pierce,Tacoma,WA,29,47.152580,-122.438280,53053063502
98443,53053,Pierce,Tacoma,WA,25,47.194490,-122.364630,53053940004
98439,53053,Pierce,Lakewood,WA,28,47.127170,-122.529680,53053072000
98438,53053,Pierce,Joint Base Lewis Mcchord,WA,28,47.138720,-122.501560,53053072901
98433,53053,Pierce,Joint Base Lewis Mcchord,WA,28,47.087980,-122.607610,53053072908
98424,53053,Pierce,Fife,WA,25,47.236790,-122.356860,53053940013
98422,53053,Pierce,Tacoma,WA,27,47.286420,-122.376830,53053940011
98421,53053,Pierce,Tacoma,WA,27,47.255600,-122.405270,53053060200
98418,53053,Pierce,Tacoma,WA,27,47.224680,-122.439160,53053061900
98417,53053,Pierce,Tacoma,WA,27,47.272290,-122.487750,53053060500
98416,53053,Pierce,Tacoma,WA,27,47.264380,-122.481070,53053060700
98411,53053,Pierce,Tacoma,WA,29,47.220770,-122.472540,53053062600
98409,53053,Pierce,Tacoma,WA,29,47.219800,-122.479130,53053062801
98408,53053,Pierce,Tacoma,WA,27,47.201440,-122.447180,53053062400
98407,53053,Pierce,Tacoma,WA,27,47.292380,-122.511340,53053060800
98406,53053,Pierce,Tacoma,WA,28,47.268870,-122.520820,53053060908
98405,53053,Pierce,Tacoma,WA,27,47.247370,-122.482710,53053061700
98404,53053,Pierce,Tacoma,WA,27,47.215840,-122.412490,53053940007
98403,53053,Pierce,Tacoma,WA,27,47.264550,-122.460370,53053060600
98402,53053,Pierce,Tacoma,WA,27,47.255170,-122.441640,53053061400
98401,53053,Pierce,Tacoma,WA,27,47.253010,-122.437130,53053061601
98396,53053,Pierce,Wilkeson,WA,31,47.109640,-122.047320,53053070206
98394,53053,Pierce,Vaughn,WA,26,47.343470,-122.763550,53053072601
98392,53035,Kitsap,Suquamish,WA,23,47.731620,-122.552420,53035940100
98391,53053,Pierce,Bonney Lake,WA,31,47.191750,-122.171440,53053070312
98390,53053,Pierce,Sumner,WA,31,47.202200,-122.239720,53053073301
98388,53053,Pierce,Steilacoom,WA,28,47.173030,-122.598020,53053072109
98387,53053,Pierce,Spanaway,WA,29,47.065120,-122.410460,53053071403
98385,53053,Pierce,South Prairie,WA,31,47.139540,-122.096240,53053070204
98383,53035,Kitsap,Silverdale,WA,23,47.651710,-122.692750,53035091302
98382,53031,Jefferson,Sequim,WA,24,48.079650,-123.103670,53031950501
98381,53009,Clallam,Sekiu,WA,24,48.259780,-124.300410,53009002400
98380,53035,Kitsap,Seabeck,WA,35,47.645090,-122.815850,53035091301
98377,53041,Lewis,Randle,WA,20,46.535340,-121.955850,53041972000
98376,53031,Jefferson,Quilcene,WA,24,47.826420,-122.877500,53031950202
98375,53053,Pierce,Puyallup,WA,25,47.104240,-122.308550,53053071309
98374,53053,Pierce,Puyallup,WA,25,47.139590,-122.275750,53053071209
98373,53053,Pierce,Puyallup,WA,25,47.137950,-122.298800,53053071206
98372,53053,Pierce,Edgewood,WA,31,47.190470,-122.287180,53053073502
98371,53053,Pierce,Puyallup,WA,25,47.190450,-122.295210,53053940010
98370,53035,Kitsap,Poulsbo,WA,23,47.736890,-122.646810,53035090201
98368,53031,Jefferson,Port Townsend,WA,24,48.121200,-122.772630,53031950501
98367,53035,Kitsap,Port Orchard,WA,35,47.506450,-122.685160,53035092102
98366,53035,Kitsap,Port Orchard,WA,26,47.541030,-122.638470,53035092600
98365,53031,Jefferson,Port Ludlow,WA,24,47.929890,-122.684750,53031950302
98363,53009,Clallam,Port Angeles,WA,24,48.118930,-123.461010,53009000800
98362,53009,Clallam,Port Angeles,WA,24,48.118920,-123.431120,53009000900
98361,53041,Lewis,Packwood,WA,20,46.610180,-121.669320,53041972000
98360,53053,Pierce,Orting,WA,31,47.095960,-122.201660,53053070404
98359,53035,Kitsap,Olalla,WA,26,47.426020,-122.547290,53035092803
98358,53031,Jefferson,Nordland,WA,24,48.051050,-122.691070,53031950400
98357,53009,Clallam,Neah Bay,WA,24,48.367780,-124.627350,53009940000
98356,53041,Lewis,Morton,WA,20,46.555400,-122.275140,53041971900
98355,53041,Lewis,Mineral,WA,20,46.719020,-122.187680,53041971800
98354,53033,King,Milton,WA,30,47.248980,-122.321720,53033030403
98351,53053,Pierce,Longbranch,WA,26,47.214540,-122.759050,53053072603
98349,53053,Pierce,Lakebay,WA,26,47.250350,-122.754930,53053072603
98346,53035,Kitsap,Kingston,WA,23,47.798020,-122.497700,53035090102
98345,53035,Kitsap,Keyport,WA,23,47.702510,-122.623160,53035091100
98344,53053,Pierce,Kapowsin,WA,2,46.984360,-122.234690,53053073119
98342,53035,Kitsap,Indianola,WA,23,47.748700,-122.518430,53035940000
98340,53035,Kitsap,Hansville,WA,23,47.917950,-122.547580,53035090101
98339,53031,Jefferson,Port Hadlock,WA,24,48.035910,-122.758780,53031950400
98338,53053,Pierce,Graham,WA,2,47.057030,-122.294770,53053073119
98337,53035,Kitsap,Bremerton,WA,26,47.565000,-122.627490,53035080600
98336,53041,Lewis,Glenoma,WA,20,46.530720,-122.130170,53041971900
98335,53053,Pierce,Gig Harbor,WA,26,47.328000,-122.580090,53053072407
98333,53053,Pierce,Fox Island,WA,26,47.273750,-122.651070,53053072410
98332,53053,Pierce,Gig Harbor,WA,26,47.342350,-122.589640,53053072506
98331,53009,Clallam,Forks,WA,24,47.950140,-124.385430,53009000300
98330,53053,Pierce,Elbe,WA,2,46.764550,-122.193670,53053073200
98329,53035,Kitsap,Gig Harbor,WA,26,47.383360,-122.665800,53035092902
98328,53053,Pierce,Eatonville,WA,2,46.867330,-122.268320,53053073006
98327,53053,Pierce,Dupont,WA,28,47.095830,-122.629540,53053072802
98326,53009,Clallam,Clallam Bay,WA,24,48.253710,-124.260150,53009002400
98325,53031,Jefferson,Chimacum,WA,24,48.011820,-122.773280,53031950301
98323,53053,Pierce,Carbonado,WA,31,47.080410,-122.047450,53053070206
98321,53053,Pierce,Buckley,WA,31,47.162990,-122.025230,53053070206
98320,53031,Jefferson,Brinnon,WA,24,47.698380,-122.896460,53031950702
98315,53035,Kitsap,Silverdale,WA,23,47.688480,-122.706110,53035090300
98314,53035,Kitsap,Bremerton,WA,26,47.561710,-122.648890,53035081400
98312,53035,Kitsap,Bremerton,WA,26,47.567390,-122.656300,53035081100
98311,53035,Kitsap,Bremerton,WA,23,47.626310,-122.609150,53035091702
98310,53035,Kitsap,Bremerton,WA,23,47.575200,-122.611360,53035080102
98305,53009,Clallam,Beaver,WA,24,48.054310,-124.331520,53009002400
98304,53041,Lewis,Ashford,WA,20,46.759080,-122.032430,53041971800
98303,53053,Pierce,Anderson Island,WA,28,47.177940,-122.678760,53053072603
98297,53055,San Juan,Waldron,WA,40,48.688430,-123.035980,53055960103
98296,53061,Snohomish,Snohomish,WA,1,47.871150,-122.138900,53061052113
98295,53073,Whatcom,Sumas,WA,42,48.999760,-122.264950,53073010202
98294,53061,Snohomish,Sultan,WA,39,47.862300,-121.816880,53061053802
98292,53061,Snohomish,Stanwood,WA,38,48.241590,-122.372650,53061940002
98290,53061,Snohomish,Snohomish,WA,44,47.912650,-122.093050,53061052401
98288,53033,King,Skykomish,WA,39,47.711920,-121.359120,53033032800
98286,53055,San Juan,Shaw Island,WA,40,48.583480,-122.929910,53055960502
98284,53057,Skagit,Sedro-Woolley,WA,39,48.508580,-122.238570,53057951503
98283,53057,Skagit,Rockport,WA,39,48.487580,-121.592740,53057951102
98282,53029,Island,Camano Island,WA,10,48.239860,-122.400490,53029971600
98281,53073,Whatcom,Point Roberts,WA,42,48.988670,-123.056880,53073011000
98280,53055,San Juan,Orcas,WA,40,48.598200,-122.940930,53055960102
98279,53055,San Juan,Olga,WA,40,48.623560,-122.835700,53055960101
98277,53029,Island,Oak Harbor,WA,10,48.290770,-122.646820,53029970500
98276,53073,Whatcom,Nooksack,WA,42,48.928570,-122.321810,53073010201
98275,53061,Snohomish,Mukilteo,WA,21,47.899080,-122.291960,53061041301
98274,53057,Skagit,Mount Vernon,WA,10,48.415200,-122.322950,53057952404
98273,53057,Skagit,Mount Vernon,WA,40,48.416440,-122.338910,53057952304
98272,53061,Snohomish,Monroe,WA,39,47.852600,-121.980870,53061052203
98271,53061,Snohomish,Marysville,WA,39,48.110260,-122.167700,53061052701
98270,53061,Snohomish,Marysville,WA,38,48.061140,-122.176900,53061052905
98267,53057,Skagit,Marblemount,WA,39,48.527390,-121.416040,53057951102
98266,53073,Whatcom,Maple Falls,WA,42,48.923690,-122.077280,53073010102
98264,53073,Whatcom,Lynden,WA,42,48.942900,-122.450790,53073010303
98263,53057,Skagit,Lyman,WA,39,48.525250,-122.059760,53057951000
98262,53073,Whatcom,Lummi Island,WA,42,48.720520,-122.683260,53073010900
98261,53055,San Juan,Lopez Island,WA,40,48.523420,-122.913950,53055960501
98260,53029,Island,Langley,WA,10,48.039900,-122.406180,53029972000
98258,53061,Snohomish,Lake Stevens,WA,44,48.014970,-122.064020,53061052606
98257,53057,Skagit,La Conner,WA,10,48.388740,-122.497240,53057940801
98256,53061,Snohomish,Index,WA,39,47.820350,-121.553520,53061053801
98255,53057,Skagit,Hamilton,WA,39,48.518190,-121.988810,53057951000
98253,53029,Island,Greenbank,WA,10,48.088270,-122.568170,53029971301
98252,53061,Snohomish,Granite Falls,WA,39,48.081570,-121.969310,53061053606
98251,53061,Snohomish,Gold Bar,WA,39,47.855650,-121.697430,53061053803
98250,53055,San Juan,Friday Harbor,WA,40,48.534480,-123.016480,53055960302
98249,53029,Island,Freeland,WA,10,48.009560,-122.526640,53029971800
98248,53073,Whatcom,Ferndale,WA,42,48.847870,-122.594500,53073010600
98247,53073,Whatcom,Everson,WA,42,48.920090,-122.345270,53073010701
98245,53055,San Juan,Eastsound,WA,40,48.693890,-122.911090,53055960103
98244,53073,Whatcom,Deming,WA,42,48.826510,-122.217230,53073010101
98243,53055,San Juan,Orcas Is,WA,40,48.619890,-123.000260,53055960103
98241,53057,Skagit,Darrington,WA,39,48.254310,-121.604210,53057951102
98240,53073,Whatcom,Custer,WA,42,48.918650,-122.642190,53073010407
98239,53029,Island,Coupeville,WA,10,48.218570,-122.685580,53029971000
98237,53057,Skagit,Concrete,WA,39,48.538920,-121.751500,53057951101
98236,53029,Island,Clinton,WA,10,47.979600,-122.358030,53029972100
98235,53057,Skagit,Clearlake,WA,39,48.463760,-122.234520,53057951300
98233,53057,Skagit,Burlington,WA,40,48.468460,-122.330290,53057951600
98232,53057,Skagit,Bow,WA,40,48.560450,-122.397000,53057950801
98230,53073,Whatcom,Blaine,WA,42,48.994040,-122.748880,53073010407
98229,53073,Whatcom,Bellingham,WA,40,48.744900,-122.454860,53073000903
98226,53073,Whatcom,Bellingham,WA,40,48.799900,-122.497560,53073000804
98225,53073,Whatcom,Bellingham,WA,42,48.752450,-122.471070,53073000502
98224,53033,King,Baring,WA,39,47.771930,-121.484910,53033032800
98223,53061,Snohomish,Arlington,WA,39,48.194710,-122.126400,53061053506
98221,53057,Skagit,Anacortes,WA,40,48.517480,-122.612140,53057940403
98220,53073,Whatcom,Acme,WA,42,48.717680,-122.203480,53073010103
98208,53061,Snohomish,Everett,WA,44,47.892510,-122.186370,53061041605
98206,53061,Snohomish,Everett,WA,38,48.013060,-122.319020,53061052104
98204,53061,Snohomish,Everett,WA,21,47.889360,-122.275570,53061041809
98203,53061,Snohomish,Everett,WA,38,47.949490,-122.230190,53061041400
98201,53061,Snohomish,Everett,WA,38,47.976590,-122.205960,53061040700
98199,53033,King,Seattle,WA,36,47.659080,-122.400920,53033005700
98198,53033,King,Des Moines,WA,30,47.401390,-122.321920,53033030102
98188,53033,King,Tukwila,WA,11,47.434730,-122.291790,53033028200
98178,53033,King,Renton,WA,37,47.494610,-122.238250,53033026101
98177,53033,King,Shoreline,WA,32,47.722380,-122.364980,53033020100
98168,53033,King,Burien,WA,33,47.503140,-122.331700,53033027100
98166,53033,King,Burien,WA,34,47.465930,-122.341020,53033027902
98164,53033,King,Seattle,WA,43,47.605740,-122.332600,53033008102
98158,53033,King,Seatac,WA,33,47.458980,-122.301740,53033028402
98155,53033,King,Shoreline,WA,32,47.757810,-122.317500,53033021000
98148,53033,King,Burien,WA,33,47.462330,-122.328630,53033028500
98146,53033,King,Burien,WA,34,47.494080,-122.361780,53033026802
98144,53033,King,Seattle,WA,37,47.578740,-122.308660,53033009400
98136,53033,King,Seattle,WA,34,47.537550,-122.384150,53033010501
98134,53033,King,Seattle,WA,37,47.586160,-122.327410,53033009300
98133,53033,King,Shoreline,WA,32,47.718710,-122.350290,53033020700
98126,53033,King,Seattle,WA,34,47.547010,-122.368930,53033010702
98125,53033,King,Seattle,WA,46,47.726560,-122.302530,53033000900
98124,53033,King,Seattle,WA,11,47.580640,-122.328510,53033009300
98122,53033,King,Seattle,WA,37,47.608030,-122.310090,53033007800
98121,53033,King,Seattle,WA,36,47.615780,-122.344680,53033008003
98119,53033,King,Seattle,WA,36,47.645860,-122.368400,53033006900
98118,53033,King,Seattle,WA,37,47.551150,-122.266800,53033011001
98117,53033,King,Seattle,WA,36,47.700440,-122.384180,53033003202
98116,53033,King,Seattle,WA,34,47.578940,-122.410670,53033009600
98115,53033,King,Seattle,WA,46,47.681560,-122.316760,53033002100
98112,53033,King,Seattle,WA,43,47.640850,-122.302070,53033006300
98110,53035,Kitsap,Bainbridge Island,WA,23,47.627280,-122.521000,53035090902
98109,53033,King,Seattle,WA,36,47.638240,-122.350220,53033007002
98108,53033,King,Seattle,WA,37,47.553790,-122.303460,53033010001
98107,53033,King,Seattle,WA,36,47.675970,-122.385910,53033003202
98106,53033,King,Seattle,WA,34,47.542870,-122.351630,53033010800
98105,53033,King,Seattle,WA,46,47.661270,-122.313070,53033004102
98104,53033,King,Seattle,WA,43,47.603570,-122.329450,53033008401
98103,53033,King,Seattle,WA,43,47.675960,-122.354360,53033004800
98102,53033,King,Seattle,WA,43,47.634330,-122.324270,53033006100
98101,53033,King,Seattle,WA,43,47.610850,-122.342230,53033008101
98092,53033,King,Auburn,WA,31,47.319900,-122.182100,53033031000
98087,53061,Snohomish,Lynnwood,WA,21,47.857270,-122.279810,53061051804
98077,53033,King,Woodinville,WA,45,47.754250,-122.073260,53033032311
98075,53033,King,Sammamish,WA,41,47.613440,-122.035390,53033032215
98074,53033,King,Sammamish,WA,45,47.603260,-122.020540,53033032316
98072,53033,King,Woodinville,WA,45,47.754480,-122.155450,53033021906
98070,53033,King,Vashon,WA,34,47.449290,-122.457300,53033027701
98068,53037,Kittitas,Snoqualmie Pass,WA,13,47.418730,-121.412030,53037975101
98065,53033,King,Snoqualmie,WA,5,47.527160,-121.824320,53033032604
98059,53033,King,Renton,WA,11,47.487180,-122.157340,53033031913
98058,53033,King,Renton,WA,11,47.446600,-122.087470,53033025702
98057,53033,King,Renton,WA,11,47.475320,-122.204890,53033025302
98056,53033,King,Newcastle,WA,41,47.500060,-122.180500,53033024703
98055,53033,King,Renton,WA,11,47.438760,-122.197000,53033025805
98053,53033,King,Redmond,WA,45,47.685550,-122.032870,53033032333
98052,53033,King,Redmond,WA,45,47.678580,-122.131580,53033032323
98051,53033,King,Maple Valley,WA,5,47.352980,-121.982330,53033031603
98050,53033,King,Preston,WA,5,47.543690,-121.938460,53033032221
98047,53033,King,Pacific,WA,30,47.264650,-122.246920,53033030902
98045,53033,King,North Bend,WA,5,47.493480,-121.783100,53033032705
98043,53061,Snohomish,Mountlake Terrace,WA,1,47.788030,-122.311110,53061051301
98042,53033,King,Kent,WA,47,47.337780,-122.091240,53033031708
98040,53033,King,Mercer Island,WA,41,47.578160,-122.212380,53033024301
98039,53033,King,Medina,WA,48,47.616130,-122.238920,53033024200
98038,53033,King,Maple Valley,WA,5,47.393940,-122.045260,53033032011
98037,53061,Snohomish,Lynnwood,WA,32,47.837850,-122.277340,53061051601
98036,53061,Snohomish,Brier,WA,1,47.825570,-122.292450,53061051913
98035,53033,King,Kent,WA,33,47.380500,-122.234270,53033029701
98034,53033,King,Kirkland,WA,45,47.722010,-122.229010,53033021903
98033,53033,King,Kirkland,WA,48,47.678870,-122.206600,53033022702
98032,53033,King,Kent,WA,33,47.380700,-122.237410,53033029203
98031,53033,King,Kent,WA,11,47.411850,-122.177430,53033029306
98030,53033,King,Kent,WA,47,47.374830,-122.199750,53033029604
98029,53033,King,Issaquah,WA,5,47.547480,-122.002920,53033032221
98028,53033,King,Kenmore,WA,46,47.758920,-122.243690,53033022102
98027,53033,King,Issaquah,WA,5,47.530100,-122.034390,53033032104
98026,53061,Snohomish,Edmonds,WA,32,47.871660,-122.317680,53061050800
98024,53033,King,Fall City,WA,5,47.568120,-121.890860,53033032601
98023,53033,King,Federal Way,WA,30,47.308400,-122.363210,53033030101
98022,53033,King,Enumclaw,WA,31,47.204330,-121.991360,53033031302
98021,53061,Snohomish,Bothell,WA,1,47.803100,-122.183840,53061051926
98020,53061,Snohomish,Edmonds,WA,21,47.811160,-122.376890,53061050300
98019,53033,King,Duvall,WA,45,47.740680,-121.986090,53033032401
98014,53033,King,Carnation,WA,5,47.649010,-121.913530,53033032500
98012,53061,Snohomish,Bothell,WA,1,47.834480,-122.210610,53061052009
98011,53033,King,Bothell,WA,1,47.761440,-122.205630,53033021905
98010,53033,King,Black Diamond,WA,5,47.308930,-122.001430,53033031605
98008,53033,King,Bellevue,WA,48,47.631310,-122.118670,53033023300
98007,53033,King,Bellevue,WA,41,47.613340,-122.120530,53033023604
98006,53033,King,Bellevue,WA,41,47.555840,-122.120960,53033024902
98005,53033,King,Bellevue,WA,48,47.592460,-122.171800,53033022805
98004,53033,King,Bellevue,WA,41,47.610010,-122.187200,53033023901
98003,53033,King,Federal Way,WA,30,47.301510,-122.330300,53033030006
98002,53033,King,Auburn,WA,47,47.305070,-122.222850,53033030501
98001,53033,King,Auburn,WA,30,47.307400,-122.230350,53033030405
97701,41017,Deschutes,Bend,OR,,44.070270,-121.265220,41017001701
97477,41039,Lane,Springfield,OR,,44.047870,-123.019550,41039003302
97304,41053,Polk,Salem,OR,,44.947960,-123.055980,41053005301
97302,41047,Marion,Salem,OR,,44.933260,-123.043810,41047002102
97214,41051,Multnomah,Portland,OR,,45.506060,-122.649420,41051001101
97213,41051,Multnomah,Portland,OR,,45.539030,-122.606360,41051002901
97209,41051,Multnomah,Portland,OR,,45.526500,-122.683500,41051005102
97058,41065,Wasco,The Dalles,OR,,45.601720,-121.183290,41065970400
97027,41005,Clackamas,Gladstone,OR,,45.380590,-122.594790,41005022000
96818,15003,Honolulu,Honolulu,HI,,21.341830,-157.940010,15003007302
96752,15007,Kauai,Kekaha,HI,,21.966050,-159.712880,15007040900
96734,15003,Honolulu,Kailua,HI,,21.396880,-157.739460,15003981801
96706,15003,Honolulu,Ewa Beach,HI,,21.314310,-158.008330,15003008410
96151,06017,El Dorado,South Lake Tahoe,CA,,38.933200,-119.974240,6017030201
95903,06115,Yuba,Beale Afb,CA,,39.094320,-121.337290,6115040902
95833,06067,Sacramento,Sacramento,CA,,38.624400,-121.498390,6067007011
95747,06061,Placer,Roseville,CA,,38.802760,-121.337470,6061021044
95688,06095,Solano,Vacaville,CA,,38.352180,-121.992630,6095253101
95661,06061,Placer,Roseville,CA,,38.764510,-121.240720,6061020717
95630,06067,Sacramento,Folsom,CA,,38.681750,-121.162830,6067008509
95618,06113,Yolo,Davis,CA,,38.566120,-121.722090,6113010610
95616,06113,Yolo,Davis,CA,,38.546690,-121.744570,6113010611
95448,06097,Sonoma,Healdsburg,CA,,38.610640,-122.868830,6097153905
95401,06097,Sonoma,Santa Rosa,CA,,38.456630,-122.722920,6097153003
95131,06085,Santa Clara,San Jose,CA,,37.386030,-121.895020,6085504311
95128,06085,Santa Clara,San Jose,CA,,37.309420,-121.942000,6085506301
95120,06085,Santa Clara,San Jose,CA,,37.214810,-121.867690,6085511905
95014,06085,Santa Clara,Cupertino,CA,,37.319130,-122.029290,6085507805
94941,06041,Marin,Mill Valley,CA,,37.907740,-122.548220,6041126100
94901,06041,Marin,San Rafael,CA,,37.974630,-122.532890,6041111002
94710,06001,Alameda,Berkeley,CA,,37.851030,-122.296200,6001423200
94707,06001,Alameda,Berkeley,CA,,37.900540,-122.270260,6001421400
94565,06013,Contra Costa,Pittsburg,CA,,38.019460,-121.888510,6013313204
94553,06013,Contra Costa,Martinez,CA,,38.013930,-122.134940,6013318000
94549,06013,Contra Costa,Lafayette,CA,,37.890770,-122.128130,6013350000
94538,06001,Alameda,Fremont,CA,,37.551480,-121.983300,6001442502
94535,06095,Solano,Travis Afb,CA,,38.271530,-121.933030,6095252802
94510,06095,Solano,Benicia,CA,,38.052850,-122.153510,6095252102
94501,06001,Alameda,Alameda,CA,,37.767070,-122.245840,6001428700
94303,06085,Santa Clara,Palo Alto,CA,,37.447190,-122.125760,6085510801
94132,06075,San Francisco,San Francisco,CA,,37.713770,-122.467090,6075031301
94107,06075,San Francisco,San Francisco,CA,,37.763350,-122.402460,6075060703
94086,06085,Santa Clara,Sunnyvale,CA,,37.371880,-122.037510,6085508509
94063,06081,San Mateo,Redwood City,CA,,37.484500,-122.227720,6081610202
94044,06081,San Mateo,Pacifica,CA,,37.635270,-122.492000,6081603400
94027,06081,San Mateo,Atherton,CA,,37.463550,-122.197290,6081611400
93955,06053,Monterey,Seaside,CA,,36.604040,-121.853500,6053014108
93950,06053,Monterey,Pacific Grove,CA,,36.619560,-121.918490,6053012000
93940,06053,Monterey,Monterey,CA,,36.598200,-121.896470,6053013100
93933,06053,Monterey,Marina,CA,,36.681620,-121.802310,6053014104
93723,06019,Fresno,Fresno,CA,,36.819200,-119.916440,6019003812
93555,06029,Kern,Ridgecrest,CA,,35.622480,-117.667980,6029005300
93536,06037,Los Angeles,Lancaster,CA,,34.685310,-118.180490,6037910301
93523,06029,Kern,Edwards,CA,,34.927780,-117.939070,6029005700
93436,06083,Santa Barbara,Lompoc,CA,,34.640480,-120.457880,6083002808
93245,06031,Kings,Lemoore,CA,,36.301010,-119.786370,6031980000
93230,06031,Kings,Hanford,CA,,36.327400,-119.645880,6031001100
93041,06111,Ventura,Port Hueneme,CA,,34.150160,-119.195580,6111004600
93021,06111,Ventura,Moorpark,CA,,34.287060,-118.882210,6111007614
93010,06111,Ventura,Camarillo,CA,,34.223400,-119.050720,6111005503
93001,06111,Ventura,Ventura,CA,,34.279380,-119.293110,6111002400
92694,06059,Orange,Ladera Ranch,CA,,33.570580,-117.638820,6059032059
92679,06059,Orange,Trabuco Canyon,CA,,33.661690,-117.590280,6059032043
92672,06073,San Diego,San Clemente,CA,,33.430430,-117.606840,6073018700
92655,06059,Orange,Midway City,CA,,33.744690,-117.986470,6059099702
92595,06065,Riverside,Wildomar,CA,,33.612360,-117.262370,6065043271
92585,06065,Riverside,Menifee,CA,,33.746400,-117.174160,6065042726
92310,06071,San Bernardino,Fort Irwin,CA,,35.158160,-116.763940,6071025000
92308,06071,San Bernardino,Apple Valley,CA,,34.464490,-117.245290,6071009721
92234,06065,Riverside,Cathedral City,CA,,33.781010,-116.464350,6065941001
92154,06073,San Diego,San Diego,CA,,32.579230,-117.058050,6073010017
92131,06073,San Diego,San Diego,CA,,32.903230,-117.064510,6073017045
92127,06073,San Diego,San Diego,CA,,32.999500,-117.145150,6073017065
92126,06073,San Diego,San Diego,CA,,32.923460,-117.125500,6073008380
92124,06073,San Diego,San Diego,CA,,32.834700,-117.079930,6073009506
92118,06073,San Diego,Coronado,CA,,32.676190,-117.170890,6073010601
92109,06073,San Diego,San Diego,CA,,32.777640,-117.252560,6073007800
92107,06073,San Diego,San Diego,CA,,32.746640,-117.245970,6073007002
92103,06073,San Diego,San Diego,CA,,32.737220,-117.175920,6073000301
92102,06073,San Diego,San Diego,CA,,32.711480,-117.108930,6073004400
92101,06073,San Diego,San Diego,CA,,32.715680,-117.161710,6073005101
92058,06073,San Diego,Oceanside,CA,,33.210970,-117.374450,6073018601
92057,06073,San Diego,Oceanside,CA,,33.254260,-117.307610,6073019303
92056,06073,San Diego,Oceanside,CA,,33.213940,-117.293170,6073018515
92051,06073,San Diego,Oceanside,CA,,33.199170,-117.368480,6073018509
92021,06073,San Diego,El Cajon,CA,,32.809820,-116.933490,6073016809
92011,06073,San Diego,Carlsbad,CA,,33.105920,-117.310020,6073017808
91942,06073,San Diego,La Mesa,CA,,32.766040,-117.024430,6073015001
91915,06073,San Diego,Chula Vista,CA,,32.639070,-116.960740,6073013319
91913,06073,San Diego,Chula Vista,CA,,32.616280,-116.974370,6073013317
91006,06037,Los Angeles,Arcadia,CA,,34.145540,-118.027900,6037431400
90815,06037,Los Angeles,Long Beach,CA,,33.796160,-118.115820,6037574500
90621,06059,Orange,Buena Park,CA,,33.865200,-117.998040,6059110604
90620,06059,Orange,Buena Park,CA,,33.834780,-118.017030,6059086801
90504,06037,Los Angeles,Torrance,CA,,33.866580,-118.343810,6037650101
90290,06037,Los Angeles,Topanga,CA,,34.097190,-118.600420,6037800104
90249,06037,Los Angeles,Gardena,CA,,33.897480,-118.319640,6037603706
90064,06037,Los Angeles,Los Angeles,CA,,34.034030,-118.410560,6037267800
90038,06037,Los Angeles,Los Angeles,CA,,34.088920,-118.331550,6037191901
90027,06037,Los Angeles,Los Angeles,CA,,34.105410,-118.289240,6037189201
90015,06037,Los Angeles,Los Angeles,CA,,34.037070,-118.262640,6037207902
89521,32031,Washoe,Reno,NV,,39.448270,-119.759690,32031002214
89436,32031,Washoe,Sparks,NV,,39.582280,-119.720930,32031003516
89406,32001,Churchill,Fallon,NV,,39.474910,-118.777970,32001950700
89145,32003,Clark,Las Vegas,NV,,36.166400,-115.272290,32003003227
89118,32003,Clark,Las Vegas,NV,,36.086490,-115.189840,32003002979
89084,32003,Clark,North Las Vegas,NV,,36.291430,-115.202780,32003003662
89044,32003,Clark,Henderson,NV,,35.955650,-115.146810,32003005717
88330,35035,Otero,Holloman Air Force Base,NM,,32.833020,-106.069610,35035000604
8816,34023,Middlesex,East Brunswick,NJ,,40.418020,-74.420400,34023006403
88012,35013,Doña Ana,Las Cruces,NM,,32.380480,-106.744940,35013001310
8641,34005,Burlington,Joint Base Mdl,NJ,,40.036700,-74.579670,34005702101
85718,04019,Pima,Tucson,AZ,,32.305680,-110.936910,4019004712
8540,34021,Mercer,Princeton,NJ,,40.375240,-74.608960,34021004205
85383,04013,Maricopa,Peoria,AZ,,33.753400,-112.330160,4013611200
85298,04013,Maricopa,Gilbert,AZ,,33.220510,-111.750840,4013816402
85254,04013,Maricopa,Scottsdale,AZ,,33.625610,-111.970040,4013103219
85250,04013,Maricopa,Scottsdale,AZ,,33.513690,-111.921030,4013216901
85249,04013,Maricopa,Chandler,AZ,,33.211530,-111.813440,4013813300
85248,04013,Maricopa,Chandler,AZ,,33.243790,-111.848010,4013812900
85138,04021,Pinal,Maricopa,AZ,,33.070020,-112.011120,4021001712
85119,04021,Pinal,Apache Junction,AZ,,33.423140,-111.546120,4021000323
85086,04013,Maricopa,Phoenix,AZ,,33.807500,-112.128700,4013610301
85028,04013,Maricopa,Phoenix,AZ,,33.589070,-111.998520,4013104802
84115,49035,Salt Lake,South Salt Lake,UT,,40.739920,-111.894520,49035111400
84074,49045,Tooele,Tooele,UT,,40.534080,-112.298490,49045131004
84056,49011,Davis,Hill Afb,UT,,41.125110,-111.990980,49011125201
83876,16055,Kootenai,Worley,ID,,47.400770,-116.918950,16055940000
83858,16055,Kootenai,Rathdrum,ID,,47.811370,-116.896440,16055000303
83854,16055,Kootenai,Post Falls,ID,,47.711890,-116.948100,16055000301
83706,16001,Ada,Boise,ID,,43.580390,-116.173400,16001000806
83702,16001,Ada,Boise,ID,,43.607640,-116.193400,16001000101
8234,34001,Atlantic,Egg Harbor Township,NJ,,39.362260,-74.581120,34001011806
82001,56021,Laramie,Cheyenne,WY,,41.134810,-104.821540,56021001100
80924,08041,El Paso,Colorado Springs,CO,,38.971190,-104.733720,8041007105
80923,08041,El Paso,Colorado Springs,CO,,38.911910,-104.702020,8041005120
80921,08041,El Paso,Colorado Springs,CO,,39.011830,-104.806860,8041007205
80920,08041,El Paso,Colorado Springs,CO,,38.961850,-104.764410,8041007103
80919,08041,El Paso,Colorado Springs,CO,,38.929100,-104.835310,8041003706
80908,08041,El Paso,Colorado Springs,CO,,39.118540,-104.740250,8041007502
80907,08041,El Paso,Colorado Springs,CO,,38.881450,-104.819350,8041001000
80906,08041,El Paso,Colorado Springs,CO,,38.786350,-104.809610,8041002501
80547,08069,Larimer,Timnath,CO,,40.529780,-104.982310,8069002505
80132,08041,El Paso,Monument,CO,,39.091530,-104.871570,8041007301
80111,08005,Arapahoe,Englewood,CO,,39.605580,-104.875070,8005006861
80104,08035,Douglas,Castle Rock,CO,,39.376200,-104.859950,8035014506
80019,08001,Adams,Aurora,CO,,39.806280,-104.758930,8001008354
80018,08005,Arapahoe,Aurora,CO,,39.690270,-104.707160,8005083202
79938,48141,El Paso,El Paso,TX,,31.789580,-106.248390,48141010367
79911,48141,El Paso,El Paso,TX,,31.884600,-106.560330,48141010220
79906,48141,El Paso,El Paso,TX,,31.813040,-106.434200,48141010103
7874,34037,Sussex,Stanhope,NJ,,40.903510,-74.708900,34037374600
78717,48491,Williamson,Austin,TX,,30.492660,-97.793980,48491020509
78641,48453,Travis,Leander,TX,,30.579550,-97.853220,48453035600
78414,48355,Nueces,Corpus Christi,TX,,27.682810,-97.364700,48355005416
78413,48355,Nueces,Corpus Christi,TX,,27.687690,-97.382520,48355005409
78261,48029,Bexar,San Antonio,TX,,29.674640,-98.425400,48029121912
78258,48029,Bexar,San Antonio,TX,,29.614450,-98.522120,48029121904
78253,48029,Bexar,San Antonio,TX,,29.445390,-98.722770,48029172006
78245,48029,Bexar,San Antonio,TX,,29.427170,-98.681360,48029171913
78234,48029,Bexar,Jbsa Ft Sam Houston,TX,,29.455030,-98.445680,48029120100
77573,48167,Galveston,League City,TX,,29.503700,-95.092780,48167720702
77539,48167,Galveston,Dickinson,TX,,29.460800,-95.050260,48167720601
77057,48201,Harris,Houston,TX,,29.732710,-95.484190,48201431506
77002,48201,Harris,Houston,TX,,29.760780,-95.369520,48201980700
76904,48451,Tom Green,San Angelo,TX,,31.416800,-100.500780,48451001303
76549,48027,Bell,Killeen,TX,,31.105840,-97.763420,48027023114
76542,48027,Bell,Killeen,TX,,31.097330,-97.747090,48027022402
76179,48439,Tarrant,Fort Worth,TX,,32.887060,-97.437450,48439114012
76092,48439,Tarrant,Southlake,TX,,32.942560,-97.131210,48439113908
76022,48439,Tarrant,Bedford,TX,,32.833080,-97.158840,48439113618
75454,48085,Collin,Melissa,TX,,33.266150,-96.589170,48085030202
75068,48121,Denton,Little Elm,TX,,33.159850,-96.938700,48121020134
75034,48085,Collin,Frisco,TX,,33.150480,-96.834660,48085030506
73703,40047,Garfield,Enid,OK,,36.398580,-97.896300,40047001301
72120,05119,Pulaski,Sherwood,AR,,34.832640,-92.209420,5119003711
7042,34013,Essex,Montclair,NJ,,40.812420,-74.212810,34013017000
7029,34017,Hudson,Harrison,NJ,,40.746230,-74.158400,34017013800
70037,22075,Plaquemines,Belle Chasse,LA,,29.850690,-89.987800,22075050300
7003,34013,Essex,Bloomfield,NJ,,40.792030,-74.195370,34013015300
68135,31055,Douglas,Omaha,NE,,41.197370,-96.169980,31055007461
67037,20173,Sedgwick,Derby,KS,,37.545310,-97.270130,20173009801
66441,20061,Geary,Junction City,KS,,39.028260,-96.830460,20061000801
66027,20103,Leavenworth,Fort Leavenworth,KS,,39.354870,-94.919830,20103981900
65721,29043,Christian,Ozark,MO,,37.021340,-93.206330,29043020402
65584,29169,Pulaski,Saint Robert,MO,,37.822350,-92.141590,29169470288
65583,29169,Pulaski,Waynesville,MO,,37.822680,-92.211930,29169470402
65332,29159,Pettis,Green Ridge,MO,,38.621260,-93.409270,29159480200
6443,09009,New Haven,Madison,CT,,41.279730,-72.595070,9009194201
6385,09011,New London,Waterford,CT,,41.345930,-72.138520,9011693700
6371,09011,New London,Old Lyme,CT,,41.323920,-72.334250,9011660101
6365,09011,New London,Preston,CT,,41.529510,-71.989670,9011700100
6355,09011,New London,Mystic,CT,,41.350610,-71.960320,9011702100
6340,09011,New London,Groton,CT,,41.354860,-72.071510,9011702300
63368,29183,St. Charles,O Fallon,MO,,38.770110,-90.702510,29183311739
6335,09011,New London,Gales Ferry,CT,,41.426210,-72.081570,9011701200
63137,29189,St. Louis,Saint Louis,MO,,38.751380,-90.229100,29510127000
62281,17119,Madison,Saint Jacob,IL,,38.716170,-89.768380,17119403531
61201,17161,Rock Island,Rock Island,IL,,41.511960,-90.576070,17161023200
60532,17043,DuPage,Lisle,IL,,41.798840,-88.071910,17043846102
60185,17043,DuPage,West Chicago,IL,,41.882030,-88.201040,17043841310
60077,17031,Cook,Skokie,IL,,42.026340,-87.755450,17031807300
60048,17097,Lake,Libertyville,IL,,42.287850,-87.953430,17097864106
60035,17097,Lake,Highland Park,IL,,42.185690,-87.799200,17097865400
55408,27053,Hennepin,Minneapolis,MN,,44.942920,-93.282720,27053008100
54313,55009,Brown,Green Bay,WI,,44.568420,-88.090870,55009020504
48105,26161,Washtenaw,Ann Arbor,MI,,42.287090,-83.683670,26161402100
48103,26161,Washtenaw,Ann Arbor,MI,,42.265280,-83.810200,26161404100
48092,26099,Macomb,Warren,MI,,42.525090,-83.049140,26099262100
46818,18003,Allen,Fort Wayne,IN,,41.136930,-85.196370,18003010601
46802,18003,Allen,Fort Wayne,IN,,41.080260,-85.138310,18003001200
46204,18097,Marion,Indianapolis,IN,,39.766910,-86.150120,18097354202
45458,39113,Montgomery,Dayton,OH,,39.623340,-84.195730,39113040305
45243,39061,Hamilton,Cincinnati,OH,,39.187120,-84.361760,39061024100
44145,39035,Cuyahoga,Westlake,OH,,41.459840,-81.923890,39035189112
4412,23019,Penobscot,Brewer,ME,,44.795590,-68.764330,23019004300
42701,21093,Hardin,Elizabethtown,KY,,37.693710,-85.859190,21093001401
40207,21111,Jefferson,Louisville,KY,,38.244380,-85.666030,21111010602
40162,21093,Hardin,Rineyville,KY,,37.750350,-85.971000,21093000904
40121,21163,Meade,Fort Knox,KY,,37.881750,-85.962420,21163970200
40026,21185,Oldham,Goshen,KY,,38.400250,-85.577850,21185030802
38105,47157,Shelby,Memphis,TN,,35.150520,-90.041360,47157002400
3804,33015,Rockingham,Portsmouth,NH,,43.074930,-70.765090,33015069200
38002,47157,Shelby,Arlington,TN,,35.291700,-89.674590,47157020836
36877,01081,Lee,Smiths Station,AL,,32.540860,-85.089630,1081041901
36113,01101,Montgomery,Montgomery,AL,,32.380400,-86.340360,1101000900
36112,01101,Montgomery,Montgomery,AL,,32.380060,-86.351720,1101000900
36067,01001,Autauga,Prattville,AL,,32.462370,-86.450750,1001020100
36064,01101,Montgomery,Pike Road,AL,,32.315350,-86.047240,1101005503
35758,01089,Madison,Madison,AL,,34.706580,-86.750950,1089011028
35040,01117,Shelby,Calera,AL,,33.103190,-86.752830,1117030613
34242,12115,Sarasota,Sarasota,FL,,27.273350,-82.559000,12115001903
33647,12057,Hillsborough,Tampa,FL,,28.100280,-82.387820,12057010211
33612,12057,Hillsborough,Tampa,FL,,28.045540,-82.473500,12057010816
33610,12057,Hillsborough,Tampa,FL,,27.981900,-82.379250,12057002000
33432,12099,Palm Beach,Boca Raton,FL,,26.350490,-80.088370,12099007501
33018,12086,Miami-Dade,Hialeah,FL,,25.889760,-80.347920,12086012701
32904,12009,Brevard,Melbourne,FL,,28.078750,-80.684000,12009071354
32792,12095,Orange,Winter Park,FL,,28.592570,-81.312720,12095016406
32578,12091,Okaloosa,Niceville,FL,,30.520640,-86.486810,12091020800
32506,12033,Escambia,Pensacola,FL,,30.419890,-87.272660,12033002601
32222,12031,Duval,Jacksonville,FL,,30.240980,-81.823370,12031013723
31909,13215,Muscogee,Columbus,GA,,32.539630,-84.924950,13215010209
31907,13215,Muscogee,Columbus,GA,,32.492770,-84.936170,13215010705
31905,13215,Muscogee,Fort Benning,GA,,32.357520,-84.956230,13215010801
31098,13153,Houston,Warner Robins,GA,,32.595700,-83.579820,13153020600
30809,13073,Columbia,Evans,GA,,33.533420,-82.130290,13073030307
30517,13135,Gwinnett,Braselton,GA,,34.108920,-83.762760,13135050617
30316,13089,DeKalb,Atlanta,GA,,33.737050,-84.354990,13089020901
30013,13247,Rockdale,Conyers,GA,,33.624850,-83.979260,13247060312
29909,45013,Beaufort,Okatie,SC,,32.305850,-80.956530,45013002103
29486,45015,Berkeley,Summerville,SC,,33.037330,-80.128370,45015020711
29410,45015,Berkeley,Hanahan,SC,,32.903500,-80.008040,45015020903
29404,45019,Charleston,Charleston Afb,SC,,32.892440,-80.066000,45019003200
29061,45079,Richland,Hopkins,SC,,33.881580,-80.888430,45079011801
2842,44005,Newport,Middletown,RI,,41.516240,-71.299230,44005040400
28394,37125,Moore,Vass,NC,,35.257410,-79.282300,37125950504
28390,37085,Harnett,Spring Lake,NC,,35.172580,-78.975820,37085071204
28376,37093,Hoke,Raeford,NC,,34.978600,-79.224050,37093970109
28326,37085,Harnett,Cameron,NC,,35.326710,-79.257070,37085071402
28323,37085,Harnett,Bunnlevel,NC,,35.309090,-78.781480,37085071204
28310,37051,Cumberland,Fort Bragg,NC,,35.150360,-79.027760,37051003404
28307,37051,Cumberland,Fort Bragg,NC,,35.135580,-78.997300,37051003409
28306,37051,Cumberland,Fayetteville,NC,,35.020490,-78.899530,37051000500
2827,44003,Kent,Greene,RI,,41.696610,-71.746090,44003020702
27958,37053,Currituck,Moyock,NC,,36.522870,-76.176140,37053110202
27617,37183,Wake,Raleigh,NC,,35.912730,-78.766250,37183053613
27616,37183,Wake,Raleigh,NC,,35.850980,-78.555220,37183054018
27601,37183,Wake,Raleigh,NC,,35.782320,-78.632600,37183050100
27560,37183,Wake,Morrisville,NC,,35.823050,-78.830150,37183053612
27540,37183,Wake,Holly Springs,NC,,35.652420,-78.833600,37183053208
27510,37135,Orange,Carrboro,NC,,35.911790,-79.077230,37135010709
27332,37085,Harnett,Sanford,NC,,35.451470,-79.149820,37085071303
23314,51093,Isle of Wight,Carrollton,VA,,36.938590,-76.534220,51093280108
23236,51041,Chesterfield,North Chesterfield,VA,,37.499500,-77.601190,51041100931
23224,51159,Richmond,Richmond,VA,,37.500130,-77.472340,51760060700
22554,51179,Stafford,Stafford,VA,,38.423660,-77.408150,51179010210
22405,51179,Stafford,Fredericksburg,VA,,38.337610,-77.440580,51179010403
22310,51919,Fairfax,Alexandria,VA,,38.777530,-77.149890,51059420201
22308,51919,Fairfax,Alexandria,VA,,38.738310,-77.061350,51059415700
22206,51013,Arlington,Arlington,VA,,38.837770,-77.091980,51013102901
22191,51942,Prince William,Woodbridge,VA,,38.661670,-77.247400,51153900203
22180,51919,Fairfax,Vienna,VA,,38.900630,-77.263990,51059460600
22153,51919,Fairfax,Springfield,VA,,38.740070,-77.211400,51059432600
22152,51919,Fairfax,Springfield,VA,,38.783790,-77.235820,51059431300
22151,51919,Fairfax,Springfield,VA,,38.801050,-77.179820,51059430400
22119,51919,Fairfax,Merrifield,VA,,38.873650,-77.233740,51059440201
22101,51919,Fairfax,Mc Lean,VA,,38.936810,-77.184930,51059470700
22060,51919,Fairfax,Fort Belvoir,VA,,38.688380,-77.135240,51059416200
22041,51919,Fairfax,Falls Church,VA,,38.849540,-77.130870,51059452700
22026,51942,Prince William,Dumfries,VA,,38.567340,-77.326910,51153900804
22025,51942,Prince William,Dumfries,VA,,38.612270,-77.354850,51153901012
22015,51919,Fairfax,Burke,VA,,38.793550,-77.271910,51059432000
21797,24027,Howard,Woodbine,MD,,39.358120,-77.064090,24027604004
21769,24021,Frederick,Middletown,MD,,39.443900,-77.546400,24021752603
21403,24003,Anne Arundel,Annapolis,MD,,38.965250,-76.489240,24003702602
21401,24003,Anne Arundel,Annapolis,MD,,38.976780,-76.490140,24003702402
21157,24013,Carroll,Westminster,MD,,39.574670,-76.992250,24013507602
2114,25025,Suffolk,Boston,MA,,42.363940,-71.067390,25025020302
21113,24003,Anne Arundel,Odenton,MD,,39.081400,-76.695050,24003740704
2108,25025,Suffolk,Boston,MA,,42.359050,-71.059720,25025020302
21076,24003,Anne Arundel,Hanover,MD,,39.155930,-76.720080,24003740108
21054,24003,Anne Arundel,Gambrills,MD,,39.060600,-76.696900,24003702208
21042,24027,Howard,Ellicott City,MD,,39.276490,-76.832070,24027602201
21040,24025,Harford,Edgewood,MD,,39.432210,-76.305400,24025301601
21037,24003,Anne Arundel,Edgewater,MD,,38.926070,-76.565520,24003701400
21036,24027,Howard,Dayton,MD,,39.241600,-76.991790,24027605104
21012,24003,Anne Arundel,Arnold,MD,,39.032900,-76.507180,24003731103
21010,24025,Harford,Gunpowder,MD,,39.401400,-76.297450,24025306500
21005,24025,Harford,Aberdeen Proving Ground,MD,,39.483290,-76.132970,24025306500
20906,24031,Montgomery,Silver Spring,MD,,39.067910,-77.068350,24031703220
20904,24031,Montgomery,Silver Spring,MD,,39.060940,-76.952260,24031701417
20874,24031,Montgomery,Germantown,MD,,39.182720,-77.270480,24031700306
20854,24031,Montgomery,Potomac,MD,,39.017960,-77.208840,24031701006
20817,24031,Montgomery,Bethesda,MD,,38.984430,-77.120900,24031706012
20814,24031,Montgomery,Bethesda,MD,,38.986370,-77.096920,24031705000
20774,24033,Prince George's,Upper Marlboro,MD,,38.889970,-76.814090,24033803514
20762,24033,Prince George's,Andrews Air Force Base,MD,,38.816050,-76.890700,24033801106
20755,24003,Anne Arundel,Fort George G Meade,MD,,39.108520,-76.735170,24003740603
20744,24033,Prince George's,Fort Washington,MD,,38.740590,-77.000570,24033801410
20732,24009,Calvert,Chesapeake Beach,MD,,38.695490,-76.533750,24009860402
20653,24037,St. Mary's,Lexington Park,MD,,38.265640,-76.452750,24037875905
20637,24017,Charles,Hughesville,MD,,38.532360,-76.783720,24017851402
20603,24017,Charles,Waldorf,MD,,38.623980,-76.920600,24017850713
20152,51107,Loudoun,Chantilly,VA,,38.905920,-77.487130,51107611804
20148,51107,Loudoun,Ashburn,VA,,38.983910,-77.530240,51107611902
20111,51942,Prince William,Manassas,VA,,38.780130,-77.449850,51153901232
20105,51107,Loudoun,Aldie,VA,,38.978420,-77.651300,51107611029
20003,11001,District of Columbia,Washington,DC,,38.885940,-76.999530,11001007202
20002,11001,District of Columbia,Washington,DC,,38.896080,-76.993360,11001010602
19901,10001,Kent,Dover,DE,,39.105970,-75.503580,10001041101
19734,10003,New Castle,Townsend,DE,,39.394230,-75.694180,10003016808
1970,25009,Essex,Salem,MA,,42.522400,-70.895800,25009204200
19149,42101,Philadelphia,Philadelphia,PA,,40.033440,-75.034610,42101031200
19025,42091,Montgomery,Dresher,PA,,40.140750,-75.166520,42091201406
1749,25017,Middlesex,Hudson,MA,,42.391390,-71.564520,25017322300
1731,25017,Middlesex,Hanscom Afb,MA,,42.459820,-71.283090,25017360300
17050,42041,Cumberland,Mechanicsburg,PA,,40.240990,-77.019760,42041011303
15237,42003,Allegheny,Pittsburgh,PA,,40.545240,-80.033010,42003413201
13669,36089,St. Lawrence,Ogdensburg,NY,,44.694240,-75.489940,36089491400
13637,36045,Jefferson,Evans Mills,NY,,44.090950,-75.809800,36045060602
13603,36045,Jefferson,Watertown,NY,,44.044470,-75.812150,36045060805
12866,36091,Saratoga,Saratoga Springs,NY,,43.084120,-73.784410,36091061102
12833,36091,Saratoga,Greenfield Center,NY,,43.128400,-73.846430,36091060601
11572,36059,Nassau,Oceanside,NY,,40.642120,-73.640360,36059413200
11209,36047,Kings,Brooklyn,NY,,40.629560,-74.031510,36047013800
10023,36061,New York,New York,NY,,40.775130,-73.982280,36061015102
